name,EOS,A(km),omega_0(rad/s),ndata
A10000w0.50_BHBL,BHBL,10000,0,14986
A10000w0.50_BHBLP,BHBLP,10000,0,14987
A10000w0.50_GShenFSU1.7,GShenFSU1.7,10000,0,18547
A10000w0.50_GShenFSU2.1,GShenFSU2.1,10000,0,18544
A10000w0.50_GShenNL3,GShenNL3,10000,0,19739
A10000w0.50_HSDD2,HSDD2,10000,0,14992
A10000w0.50_HSFSG,HSFSG,10000,0,14991
A10000w0.50_HSIUF,HSIUF,10000,0,14991
A10000w0.50_HSNL3,HSNL3,10000,0,14991
A10000w0.50_HSTM1,HSTM1,10000,0,14987
A10000w0.50_HSTMA,HSTMA,10000,0,14991
A10000w0.50_HShen,HShen,10000,0,13197
A10000w0.50_HShenH,HShenH,10000,0,13188
A10000w0.50_LS180,LS180,10000,0,15588
A10000w0.50_LS220,LS220,10000,0,15488
A10000w0.50_LS375,LS375,10000,0,15178
A10000w0.50_SFHo,SFHo,10000,0,14989
A10000w0.50_SFHx,SFHx,10000,0,14986
A10000w1.00_BHBL,BHBL,10000,1,15106
A10000w1.00_BHBLP,BHBLP,10000,1,15104
A10000w1.00_GShenFSU1.7,GShenFSU1.7,10000,1,18830
A10000w1.00_GShenFSU2.1,GShenFSU2.1,10000,1,18801
A10000w1.00_GShenNL3,GShenNL3,10000,1,19915
A10000w1.00_HSDD2,HSDD2,10000,1,15110
A10000w1.00_HSFSG,HSFSG,10000,1,15109
A10000w1.00_HSIUF,HSIUF,10000,1,15109
A10000w1.00_HSNL3,HSNL3,10000,1,15109
A10000w1.00_HSTM1,HSTM1,10000,1,15109
A10000w1.00_HSTMA,HSTMA,10000,1,15113
A10000w1.00_HShen,HShen,10000,1,13265
A10000w1.00_HShenH,HShenH,10000,1,13257
A10000w1.00_LS180,LS180,10000,1,15728
A10000w1.00_LS220,LS220,10000,1,15629
A10000w1.00_LS375,LS375,10000,1,15499
A10000w1.00_SFHo,SFHo,10000,1,15110
A10000w1.00_SFHx,SFHx,10000,1,15106
A10000w1.50_BHBL,BHBL,10000,1,15307
A10000w1.50_BHBLP,BHBLP,10000,1,15313
A10000w1.50_GShenFSU1.7,GShenFSU1.7,10000,1,19338
A10000w1.50_GShenFSU2.1,GShenFSU2.1,10000,1,19277
A10000w1.50_GShenNL3,GShenNL3,10000,1,20794
A10000w1.50_HSDD2,HSDD2,10000,1,15315
A10000w1.50_HSFSG,HSFSG,10000,1,15315
A10000w1.50_HSIUF,HSIUF,10000,1,15314
A10000w1.50_HSNL3,HSNL3,10000,1,15312
A10000w1.50_HSTM1,HSTM1,10000,1,15311
A10000w1.50_HSTMA,HSTMA,10000,1,15315
A10000w1.50_HShen,HShen,10000,1,13384
A10000w1.50_HShenH,HShenH,10000,1,13375
A10000w1.50_LS180,LS180,10000,1,15978
A10000w1.50_LS220,LS220,10000,1,15874
A10000w1.50_LS375,LS375,10000,1,15732
A10000w1.50_SFHo,SFHo,10000,1,15315
A10000w1.50_SFHx,SFHx,10000,1,15311
A10000w2.00_BHBL,BHBL,10000,2,15620
A10000w2.00_BHBLP,BHBLP,10000,2,15620
A10000w2.00_GShenFSU1.7,GShenFSU1.7,10000,2,20170
A10000w2.00_GShenFSU2.1,GShenFSU2.1,10000,2,19984
A10000w2.00_GShenNL3,GShenNL3,10000,2,21939
A10000w2.00_HSDD2,HSDD2,10000,2,15623
A10000w2.00_HSFSG,HSFSG,10000,2,15629
A10000w2.00_HSIUF,HSIUF,10000,2,15624
A10000w2.00_HSNL3,HSNL3,10000,2,15621
A10000w2.00_HSTM1,HSTM1,10000,2,15622
A10000w2.00_HSTMA,HSTMA,10000,2,15623
A10000w2.00_HShen,HShen,10000,2,13553
A10000w2.00_HShenH,HShenH,10000,2,13545
A10000w2.00_LS180,LS180,10000,2,16373
A10000w2.00_LS220,LS220,10000,2,16253
A10000w2.00_LS375,LS375,10000,2,16102
A10000w2.00_SFHo,SFHo,10000,2,15624
A10000w2.00_SFHx,SFHx,10000,2,15621
A10000w2.50_BHBL,BHBL,10000,2,16054
A10000w2.50_BHBLP,BHBLP,10000,2,16054
A10000w2.50_GShenFSU1.7,GShenFSU1.7,10000,2,21485
A10000w2.50_GShenFSU2.1,GShenFSU2.1,10000,2,21484
A10000w2.50_GShenNL3,GShenNL3,10000,2,23919
A10000w2.50_HSDD2,HSDD2,10000,2,16065
A10000w2.50_HSFSG,HSFSG,10000,2,16065
A10000w2.50_HSIUF,HSIUF,10000,2,16063
A10000w2.50_HSNL3,HSNL3,10000,2,16060
A10000w2.50_HSTM1,HSTM1,10000,2,16047
A10000w2.50_HSTMA,HSTMA,10000,2,16067
A10000w2.50_HShen,HShen,10000,2,13787
A10000w2.50_HShenH,HShenH,10000,2,13774
A10000w2.50_LS180,LS180,10000,2,16933
A10000w2.50_LS220,LS220,10000,2,16802
A10000w2.50_LS375,LS375,10000,2,16629
A10000w2.50_SFHo,SFHo,10000,2,16061
A10000w2.50_SFHx,SFHx,10000,2,16056
A10000w3.00_BHBL,BHBL,10000,3,16668
A10000w3.00_BHBLP,BHBLP,10000,3,16670
A10000w3.00_GShenFSU1.7,GShenFSU1.7,10000,3,23762
A10000w3.00_GShenFSU2.1,GShenFSU2.1,10000,3,23762
A10000w3.00_GShenNL3,GShenNL3,10000,3,27818
A10000w3.00_HSDD2,HSDD2,10000,3,16678
A10000w3.00_HSFSG,HSFSG,10000,3,16674
A10000w3.00_HSIUF,HSIUF,10000,3,16675
A10000w3.00_HSNL3,HSNL3,10000,3,16674
A10000w3.00_HSTM1,HSTM1,10000,3,16647
A10000w3.00_HSTMA,HSTMA,10000,3,16601
A10000w3.00_HShen,HShen,10000,3,14093
A10000w3.00_HShenH,HShenH,10000,3,14083
A10000w3.00_LS180,LS180,10000,3,17763
A10000w3.00_LS220,LS220,10000,3,17596
A10000w3.00_LS375,LS375,10000,3,17399
A10000w3.00_SFHo,SFHo,10000,3,16676
A10000w3.00_SFHx,SFHx,10000,3,16668
A10000w3.50_BHBL,BHBL,10000,3,17536
A10000w3.50_BHBLP,BHBLP,10000,3,17535
A10000w3.50_GShenFSU1.7,GShenFSU1.7,10000,3,28770
A10000w3.50_GShenFSU2.1,GShenFSU2.1,10000,3,28631
A10000w3.50_GShenNL3,GShenNL3,10000,3,41945
A10000w3.50_HSDD2,HSDD2,10000,3,17548
A10000w3.50_HSFSG,HSFSG,10000,3,17550
A10000w3.50_HSIUF,HSIUF,10000,3,17421
A10000w3.50_HSNL3,HSNL3,10000,3,17545
A10000w3.50_HSTM1,HSTM1,10000,3,17346
A10000w3.50_HSTMA,HSTMA,10000,3,17312
A10000w3.50_HShen,HShen,10000,3,14500
A10000w3.50_HShenH,HShenH,10000,3,14488
A10000w3.50_LS180,LS180,10000,3,19025
A10000w3.50_LS220,LS220,10000,3,18809
A10000w3.50_LS375,LS375,10000,3,18554
A10000w3.50_SFHo,SFHo,10000,3,17550
A10000w3.50_SFHx,SFHx,10000,3,17538
A10000w4.00_BHBL,BHBL,10000,4,18836
A10000w4.00_BHBLP,BHBLP,10000,4,18838
A10000w4.00_GShenFSU1.7,GShenFSU1.7,10000,4,69200
A10000w4.00_GShenFSU2.1,GShenFSU2.1,10000,4,68416
A10000w4.00_GShenNL3,GShenNL3,10000,4,70440
A10000w4.00_HSDD2,HSDD2,10000,4,18852
A10000w4.00_HSFSG,HSFSG,10000,4,18700
A10000w4.00_HSIUF,HSIUF,10000,4,18855
A10000w4.00_HSNL3,HSNL3,10000,4,18849
A10000w4.00_HSTM1,HSTM1,10000,4,18847
A10000w4.00_HSTMA,HSTMA,10000,4,18857
A10000w4.00_HShen,HShen,10000,4,15032
A10000w4.00_HShenH,HShenH,10000,4,15017
A10000w4.00_LS180,LS180,10000,4,21195
A10000w4.00_LS220,LS220,10000,4,20869
A10000w4.00_LS375,LS375,10000,4,20479
A10000w4.00_SFHo,SFHo,10000,4,18849
A10000w4.00_SFHx,SFHx,10000,4,18847
A10000w4.50_BHBL,BHBL,10000,4,21010
A10000w4.50_BHBLP,BHBLP,10000,4,21011
A10000w4.50_GShenFSU1.7,GShenFSU1.7,10000,4,76342
A10000w4.50_GShenFSU2.1,GShenFSU2.1,10000,4,76360
A10000w4.50_GShenNL3,GShenNL3,10000,4,78127
A10000w4.50_HSDD2,HSDD2,10000,4,21040
A10000w4.50_HSFSG,HSFSG,10000,4,21042
A10000w4.50_HSIUF,HSIUF,10000,4,21044
A10000w4.50_HSNL3,HSNL3,10000,4,21035
A10000w4.50_HSTM1,HSTM1,10000,4,21034
A10000w4.50_HSTMA,HSTMA,10000,4,21048
A10000w4.50_HShen,HShen,10000,4,15751
A10000w4.50_HShenH,HShenH,10000,4,15729
A10000w4.50_LS180,LS180,10000,4,26408
A10000w4.50_LS220,LS220,10000,4,25714
A10000w4.50_LS375,LS375,10000,4,24750
A10000w4.50_SFHo,SFHo,10000,4,21038
A10000w4.50_SFHx,SFHx,10000,4,21028
A10000w5.00_BHBL,BHBL,10000,5,25846
A10000w5.00_BHBLP,BHBLP,10000,5,25847
A10000w5.00_GShenFSU1.7,GShenFSU1.7,10000,5,67869
A10000w5.00_GShenFSU2.1,GShenFSU2.1,10000,5,68337
A10000w5.00_GShenNL3,GShenNL3,10000,5,68416
A10000w5.00_HSDD2,HSDD2,10000,5,25948
A10000w5.00_HSFSG,HSFSG,10000,5,25892
A10000w5.00_HSIUF,HSIUF,10000,5,25806
A10000w5.00_HSNL3,HSNL3,10000,5,25941
A10000w5.00_HSTM1,HSTM1,10000,5,25930
A10000w5.00_HSTMA,HSTMA,10000,5,25956
A10000w5.00_HShen,HShen,10000,5,16757
A10000w5.00_HShenH,HShenH,10000,5,16733
A10000w5.00_LS180,LS180,10000,5,67173
A10000w5.00_LS220,LS220,10000,5,66831
A10000w5.00_LS375,LS375,10000,5,66147
A10000w5.00_SFHo,SFHo,10000,5,25931
A10000w5.00_SFHx,SFHx,10000,5,25917
A10000w5.50_BHBL,BHBL,10000,5,58130
A10000w5.50_BHBLP,BHBLP,10000,5,60308
A10000w5.50_GShenFSU1.7,GShenFSU1.7,10000,5,72958
A10000w5.50_GShenFSU2.1,GShenFSU2.1,10000,5,73342
A10000w5.50_GShenNL3,GShenNL3,10000,5,73100
A10000w5.50_HSDD2,HSDD2,10000,5,70045
A10000w5.50_HSFSG,HSFSG,10000,5,66517
A10000w5.50_HSIUF,HSIUF,10000,5,76119
A10000w5.50_HSNL3,HSNL3,10000,5,69496
A10000w5.50_HSTM1,HSTM1,10000,5,65798
A10000w5.50_HSTMA,HSTMA,10000,5,66453
A10000w5.50_HShen,HShen,10000,5,18290
A10000w5.50_HShenH,HShenH,10000,5,18031
A10000w5.50_LS180,LS180,10000,5,76313
A10000w5.50_LS220,LS220,10000,5,77020
A10000w5.50_LS375,LS375,10000,5,76878
A10000w5.50_SFHo,SFHo,10000,5,74144
A10000w5.50_SFHx,SFHx,10000,5,108507
A1268w0.50_BHBL,BHBL,1268,0,14976
A1268w0.50_BHBLP,BHBLP,1268,0,14972
A1268w0.50_GShenFSU1.7,GShenFSU1.7,1268,0,18515
A1268w0.50_GShenFSU2.1,GShenFSU2.1,1268,0,18515
A1268w0.50_GShenNL3,GShenNL3,1268,0,19700
A1268w0.50_HSDD2,HSDD2,1268,0,14977
A1268w0.50_HSFSG,HSFSG,1268,0,14980
A1268w0.50_HSIUF,HSIUF,1268,0,14978
A1268w0.50_HSNL3,HSNL3,1268,0,14976
A1268w0.50_HSTM1,HSTM1,1268,0,14977
A1268w0.50_HSTMA,HSTMA,1268,0,14982
A1268w0.50_HShen,HShen,1268,0,13191
A1268w0.50_HShenH,HShenH,1268,0,13182
A1268w0.50_LS180,LS180,1268,0,15573
A1268w0.50_LS220,LS220,1268,0,15473
A1268w0.50_LS375,LS375,1268,0,15176
A1268w0.50_SFHo,SFHo,1268,0,14980
A1268w0.50_SFHx,SFHx,1268,0,14975
A1268w1.00_BHBL,BHBL,1268,1,15051
A1268w1.00_BHBLP,BHBLP,1268,1,15055
A1268w1.00_GShenFSU1.7,GShenFSU1.7,1268,1,18691
A1268w1.00_GShenFSU2.1,GShenFSU2.1,1268,1,18688
A1268w1.00_GShenNL3,GShenNL3,1268,1,19763
A1268w1.00_HSDD2,HSDD2,1268,1,15057
A1268w1.00_HSFSG,HSFSG,1268,1,15060
A1268w1.00_HSIUF,HSIUF,1268,1,15061
A1268w1.00_HSNL3,HSNL3,1268,1,15061
A1268w1.00_HSTM1,HSTM1,1268,1,15058
A1268w1.00_HSTMA,HSTMA,1268,1,15059
A1268w1.00_HShen,HShen,1268,1,13242
A1268w1.00_HShenH,HShenH,1268,1,13234
A1268w1.00_LS180,LS180,1268,1,15671
A1268w1.00_LS220,LS220,1268,1,15570
A1268w1.00_LS375,LS375,1268,1,15442
A1268w1.00_SFHo,SFHo,1268,1,15060
A1268w1.00_SFHx,SFHx,1268,1,15055
A1268w1.50_BHBL,BHBL,1268,1,15188
A1268w1.50_BHBLP,BHBLP,1268,1,15193
A1268w1.50_GShenFSU1.7,GShenFSU1.7,1268,1,18994
A1268w1.50_GShenFSU2.1,GShenFSU2.1,1268,1,18994
A1268w1.50_GShenNL3,GShenNL3,1268,1,20316
A1268w1.50_HSDD2,HSDD2,1268,1,15194
A1268w1.50_HSFSG,HSFSG,1268,1,15197
A1268w1.50_HSIUF,HSIUF,1268,1,15195
A1268w1.50_HSNL3,HSNL3,1268,1,15194
A1268w1.50_HSTM1,HSTM1,1268,1,15190
A1268w1.50_HSTMA,HSTMA,1268,1,15199
A1268w1.50_HShen,HShen,1268,1,13322
A1268w1.50_HShenH,HShenH,1268,1,13314
A1268w1.50_LS180,LS180,1268,1,15840
A1268w1.50_LS220,LS220,1268,1,15738
A1268w1.50_LS375,LS375,1268,1,15604
A1268w1.50_SFHo,SFHo,1268,1,15195
A1268w1.50_SFHx,SFHx,1268,1,15189
A1268w2.00_BHBL,BHBL,1268,2,15387
A1268w2.00_BHBLP,BHBLP,1268,2,15391
A1268w2.00_GShenFSU1.7,GShenFSU1.7,1268,2,19456
A1268w2.00_GShenFSU2.1,GShenFSU2.1,1268,2,19457
A1268w2.00_GShenNL3,GShenNL3,1268,2,20918
A1268w2.00_HSDD2,HSDD2,1268,2,15392
A1268w2.00_HSFSG,HSFSG,1268,2,15395
A1268w2.00_HSIUF,HSIUF,1268,2,15394
A1268w2.00_HSNL3,HSNL3,1268,2,15396
A1268w2.00_HSTM1,HSTM1,1268,2,15389
A1268w2.00_HSTMA,HSTMA,1268,2,15398
A1268w2.00_HShen,HShen,1268,2,13437
A1268w2.00_HShenH,HShenH,1268,2,13431
A1268w2.00_LS180,LS180,1268,2,16093
A1268w2.00_LS220,LS220,1268,2,15981
A1268w2.00_LS375,LS375,1268,2,15844
A1268w2.00_SFHo,SFHo,1268,2,15389
A1268w2.00_SFHx,SFHx,1268,2,15388
A1268w2.50_BHBL,BHBL,1268,2,15662
A1268w2.50_BHBLP,BHBLP,1268,2,15656
A1268w2.50_GShenFSU1.7,GShenFSU1.7,1268,2,20116
A1268w2.50_GShenFSU2.1,GShenFSU2.1,1268,2,19975
A1268w2.50_GShenNL3,GShenNL3,1268,2,21798
A1268w2.50_HSDD2,HSDD2,1268,2,15661
A1268w2.50_HSFSG,HSFSG,1268,2,15663
A1268w2.50_HSIUF,HSIUF,1268,2,15668
A1268w2.50_HSNL3,HSNL3,1268,2,15663
A1268w2.50_HSTM1,HSTM1,1268,2,15662
A1268w2.50_HSTMA,HSTMA,1268,2,15666
A1268w2.50_HShen,HShen,1268,2,13602
A1268w2.50_HShenH,HShenH,1268,2,13592
A1268w2.50_LS180,LS180,1268,2,16439
A1268w2.50_LS220,LS220,1268,2,16318
A1268w2.50_LS375,LS375,1268,2,16173
A1268w2.50_SFHo,SFHo,1268,2,15663
A1268w2.50_SFHx,SFHx,1268,2,15658
A1268w3.00_BHBL,BHBL,1268,3,16015
A1268w3.00_BHBLP,BHBLP,1268,3,16018
A1268w3.00_GShenFSU1.7,GShenFSU1.7,1268,3,21048
A1268w3.00_GShenFSU2.1,GShenFSU2.1,1268,3,20914
A1268w3.00_GShenNL3,GShenNL3,1268,3,23095
A1268w3.00_HSDD2,HSDD2,1268,3,16022
A1268w3.00_HSFSG,HSFSG,1268,3,16023
A1268w3.00_HSIUF,HSIUF,1268,3,16022
A1268w3.00_HSNL3,HSNL3,1268,3,16021
A1268w3.00_HSTM1,HSTM1,1268,3,16018
A1268w3.00_HSTMA,HSTMA,1268,3,16025
A1268w3.00_HShen,HShen,1268,3,13800
A1268w3.00_HShenH,HShenH,1268,3,13792
A1268w3.00_LS180,LS180,1268,3,16907
A1268w3.00_LS220,LS220,1268,3,16779
A1268w3.00_LS375,LS375,1268,3,16615
A1268w3.00_SFHo,SFHo,1268,3,16020
A1268w3.00_SFHx,SFHx,1268,3,16018
A1268w3.50_BHBL,BHBL,1268,3,16477
A1268w3.50_BHBLP,BHBLP,1268,3,16478
A1268w3.50_GShenFSU1.7,GShenFSU1.7,1268,3,22351
A1268w3.50_GShenFSU2.1,GShenFSU2.1,1268,3,22379
A1268w3.50_GShenNL3,GShenNL3,1268,3,25064
A1268w3.50_HSDD2,HSDD2,1268,3,16487
A1268w3.50_HSFSG,HSFSG,1268,3,16484
A1268w3.50_HSIUF,HSIUF,1268,3,16486
A1268w3.50_HSNL3,HSNL3,1268,3,16483
A1268w3.50_HSTM1,HSTM1,1268,3,16479
A1268w3.50_HSTMA,HSTMA,1268,3,16488
A1268w3.50_HShen,HShen,1268,3,14058
A1268w3.50_HShenH,HShenH,1268,3,14042
A1268w3.50_LS180,LS180,1268,3,17531
A1268w3.50_LS220,LS220,1268,3,17388
A1268w3.50_LS375,LS375,1268,3,17209
A1268w3.50_SFHo,SFHo,1268,3,16482
A1268w3.50_SFHx,SFHx,1268,3,16478
A1268w4.00_BHBL,BHBL,1268,4,17080
A1268w4.00_BHBLP,BHBLP,1268,4,17083
A1268w4.00_GShenFSU1.7,GShenFSU1.7,1268,4,24406
A1268w4.00_GShenFSU2.1,GShenFSU2.1,1268,4,24404
A1268w4.00_GShenNL3,GShenNL3,1268,4,28253
A1268w4.00_HSDD2,HSDD2,1268,4,17091
A1268w4.00_HSFSG,HSFSG,1268,4,17092
A1268w4.00_HSIUF,HSIUF,1268,4,17091
A1268w4.00_HSNL3,HSNL3,1268,4,17088
A1268w4.00_HSTM1,HSTM1,1268,4,17036
A1268w4.00_HSTMA,HSTMA,1268,4,17017
A1268w4.00_HShen,HShen,1268,4,14375
A1268w4.00_HShenH,HShenH,1268,4,14366
A1268w4.00_LS180,LS180,1268,4,18389
A1268w4.00_LS220,LS220,1268,4,18219
A1268w4.00_LS375,LS375,1268,4,18013
A1268w4.00_SFHo,SFHo,1268,4,17088
A1268w4.00_SFHx,SFHx,1268,4,17085
A1268w4.50_BHBL,BHBL,1268,4,17876
A1268w4.50_BHBLP,BHBLP,1268,4,17878
A1268w4.50_GShenFSU1.7,GShenFSU1.7,1268,4,27752
A1268w4.50_GShenFSU2.1,GShenFSU2.1,1268,4,27749
A1268w4.50_GShenNL3,GShenNL3,1268,4,34283
A1268w4.50_HSDD2,HSDD2,1268,4,17886
A1268w4.50_HSFSG,HSFSG,1268,4,17891
A1268w4.50_HSIUF,HSIUF,1268,4,17843
A1268w4.50_HSNL3,HSNL3,1268,4,17886
A1268w4.50_HSTM1,HSTM1,1268,4,17779
A1268w4.50_HSTMA,HSTMA,1268,4,17746
A1268w4.50_HShen,HShen,1268,4,14771
A1268w4.50_HShenH,HShenH,1268,4,14753
A1268w4.50_LS180,LS180,1268,4,19604
A1268w4.50_LS220,LS220,1268,4,19402
A1268w4.50_LS375,LS375,1268,4,19148
A1268w4.50_SFHo,SFHo,1268,4,17889
A1268w4.50_SFHx,SFHx,1268,4,17882
A1268w5.00_BHBL,BHBL,1268,5,18959
A1268w5.00_BHBLP,BHBLP,1268,5,18960
A1268w5.00_GShenFSU1.7,GShenFSU1.7,1268,5,34220
A1268w5.00_GShenFSU2.1,GShenFSU2.1,1268,5,34217
A1268w5.00_GShenNL3,GShenNL3,1268,5,46566
A1268w5.00_HSDD2,HSDD2,1268,5,18976
A1268w5.00_HSFSG,HSFSG,1268,5,18926
A1268w5.00_HSIUF,HSIUF,1268,5,18782
A1268w5.00_HSNL3,HSNL3,1268,5,18975
A1268w5.00_HSTM1,HSTM1,1268,5,18971
A1268w5.00_HSTMA,HSTMA,1268,5,18982
A1268w5.00_HShen,HShen,1268,5,15265
A1268w5.00_HShenH,HShenH,1268,5,15252
A1268w5.00_LS180,LS180,1268,5,21460
A1268w5.00_LS220,LS220,1268,5,21204
A1268w5.00_LS375,LS375,1268,5,20868
A1268w5.00_SFHo,SFHo,1268,5,18973
A1268w5.00_SFHx,SFHx,1268,5,18967
A1268w5.50_BHBL,BHBL,1268,5,20508
A1268w5.50_BHBLP,BHBLP,1268,5,20512
A1268w5.50_GShenFSU1.7,GShenFSU1.7,1268,5,54018
A1268w5.50_GShenFSU2.1,GShenFSU2.1,1268,5,53932
A1268w5.50_GShenNL3,GShenNL3,1268,5,67718
A1268w5.50_HSDD2,HSDD2,1268,5,20539
A1268w5.50_HSFSG,HSFSG,1268,5,20538
A1268w5.50_HSIUF,HSIUF,1268,5,20538
A1268w5.50_HSNL3,HSNL3,1268,5,20533
A1268w5.50_HSTM1,HSTM1,1268,5,20533
A1268w5.50_HSTMA,HSTMA,1268,5,20542
A1268w5.50_HShen,HShen,1268,5,15893
A1268w5.50_HShenH,HShenH,1268,5,15878
A1268w5.50_LS180,LS180,1268,5,24645
A1268w5.50_LS220,LS220,1268,5,24380
A1268w5.50_LS375,LS375,1268,5,23838
A1268w5.50_SFHo,SFHo,1268,5,20537
A1268w5.50_SFHx,SFHx,1268,5,20526
A1268w6.00_BHBL,BHBL,1268,6,22946
A1268w6.00_BHBLP,BHBLP,1268,6,22947
A1268w6.00_GShenFSU1.7,GShenFSU1.7,1268,6,70211
A1268w6.00_GShenFSU2.1,GShenFSU2.1,1268,6,69666
A1268w6.00_GShenNL3,GShenNL3,1268,6,72421
A1268w6.00_HSDD2,HSDD2,1268,6,22990
A1268w6.00_HSFSG,HSFSG,1268,6,22993
A1268w6.00_HSIUF,HSIUF,1268,6,22991
A1268w6.00_HSNL3,HSNL3,1268,6,22990
A1268w6.00_HSTM1,HSTM1,1268,6,22987
A1268w6.00_HSTMA,HSTMA,1268,6,22954
A1268w6.00_HShen,HShen,1268,6,16713
A1268w6.00_HShenH,HShenH,1268,6,16691
A1268w6.00_LS180,LS180,1268,6,30540
A1268w6.00_LS220,LS220,1268,6,31398
A1268w6.00_LS375,LS375,1268,6,30214
A1268w6.00_SFHo,SFHo,1268,6,22989
A1268w6.00_SFHx,SFHx,1268,6,22979
A1268w6.50_BHBL,BHBL,1268,6,27507
A1268w6.50_BHBLP,BHBLP,1268,6,27510
A1268w6.50_GShenFSU1.7,GShenFSU1.7,1268,6,75982
A1268w6.50_GShenFSU2.1,GShenFSU2.1,1268,6,75657
A1268w6.50_GShenNL3,GShenNL3,1268,6,75914
A1268w6.50_HSDD2,HSDD2,1268,6,27608
A1268w6.50_HSFSG,HSFSG,1268,6,27412
A1268w6.50_HSIUF,HSIUF,1268,6,27411
A1268w6.50_HSNL3,HSNL3,1268,6,27603
A1268w6.50_HSTM1,HSTM1,1268,6,27597
A1268w6.50_HSTMA,HSTMA,1268,6,27618
A1268w6.50_HShen,HShen,1268,6,17824
A1268w6.50_HShenH,HShenH,1268,6,17795
A1268w6.50_LS180,LS180,1268,6,73946
A1268w6.50_LS220,LS220,1268,6,67191
A1268w6.50_LS375,LS375,1268,6,74107
A1268w6.50_SFHo,SFHo,1268,6,27606
A1268w6.50_SFHx,SFHx,1268,6,27586
A300w0.50_BHBL,BHBL,300,0,14953
A300w0.50_BHBLP,BHBLP,300,0,14951
A300w0.50_GShenFSU1.7,GShenFSU1.7,300,0,18444
A300w0.50_GShenFSU2.1,GShenFSU2.1,300,0,18464
A300w0.50_GShenNL3,GShenNL3,300,0,19631
A300w0.50_HSDD2,HSDD2,300,0,14956
A300w0.50_HSFSG,HSFSG,300,0,14957
A300w0.50_HSIUF,HSIUF,300,0,14956
A300w0.50_HSNL3,HSNL3,300,0,14958
A300w0.50_HSTM1,HSTM1,300,0,14953
A300w0.50_HSTMA,HSTMA,300,0,14957
A300w0.50_HShen,HShen,300,0,13180
A300w0.50_HShenH,HShenH,300,0,13169
A300w0.50_LS180,LS180,300,0,15541
A300w0.50_LS220,LS220,300,0,15445
A300w0.50_LS375,LS375,300,0,15324
A300w0.50_SFHo,SFHo,300,0,14954
A300w0.50_SFHx,SFHx,300,0,14954
A300w1.00_BHBL,BHBL,300,1,14961
A300w1.00_BHBLP,BHBLP,300,1,14963
A300w1.00_GShenFSU1.7,GShenFSU1.7,300,1,18490
A300w1.00_GShenFSU2.1,GShenFSU2.1,300,1,18491
A300w1.00_GShenNL3,GShenNL3,300,1,19525
A300w1.00_HSDD2,HSDD2,300,1,14970
A300w1.00_HSFSG,HSFSG,300,1,14969
A300w1.00_HSIUF,HSIUF,300,1,14968
A300w1.00_HSNL3,HSNL3,300,1,14966
A300w1.00_HSTM1,HSTM1,300,1,14969
A300w1.00_HSTMA,HSTMA,300,1,14972
A300w1.00_HShen,HShen,300,1,13190
A300w1.00_HShenH,HShenH,300,1,13176
A300w1.00_LS180,LS180,300,1,15558
A300w1.00_LS220,LS220,300,1,15461
A300w1.00_LS375,LS375,300,1,15338
A300w1.00_SFHo,SFHo,300,1,14969
A300w1.00_SFHx,SFHx,300,1,14965
A300w1.50_BHBL,BHBL,300,1,14986
A300w1.50_BHBLP,BHBLP,300,1,14986
A300w1.50_GShenFSU1.7,GShenFSU1.7,300,1,18529
A300w1.50_GShenFSU2.1,GShenFSU2.1,300,1,18513
A300w1.50_GShenNL3,GShenNL3,300,1,19610
A300w1.50_HSDD2,HSDD2,300,1,14988
A300w1.50_HSFSG,HSFSG,300,1,14989
A300w1.50_HSIUF,HSIUF,300,1,14990
A300w1.50_HSNL3,HSNL3,300,1,14990
A300w1.50_HSTM1,HSTM1,300,1,14990
A300w1.50_HSTMA,HSTMA,300,1,14994
A300w1.50_HShen,HShen,300,1,13199
A300w1.50_HShenH,HShenH,300,1,13190
A300w1.50_LS180,LS180,300,1,15589
A300w1.50_LS220,LS220,300,1,15489
A300w1.50_LS375,LS375,300,1,15363
A300w1.50_SFHo,SFHo,300,1,14989
A300w1.50_SFHx,SFHx,300,1,14985
A300w10.00_BHBL,BHBL,300,10,16879
A300w10.00_BHBLP,BHBLP,300,10,16878
A300w10.00_GShenFSU1.7,GShenFSU1.7,300,10,22889
A300w10.00_GShenFSU2.1,GShenFSU2.1,300,10,22892
A300w10.00_GShenNL3,GShenNL3,300,10,25366
A300w10.00_HSDD2,HSDD2,300,10,16890
A300w10.00_HSFSG,HSFSG,300,10,16890
A300w10.00_HSIUF,HSIUF,300,10,16889
A300w10.00_HSNL3,HSNL3,300,10,16890
A300w10.00_HSTM1,HSTM1,300,10,16890
A300w10.00_HSTMA,HSTMA,300,10,16892
A300w10.00_HShen,HShen,300,10,14394
A300w10.00_HShenH,HShenH,300,10,14254
A300w10.00_LS180,LS180,300,10,18204
A300w10.00_LS220,LS220,300,10,18086
A300w10.00_LS375,LS375,300,10,17921
A300w10.00_SFHo,SFHo,300,10,16892
A300w10.00_SFHx,SFHx,300,10,16883
A300w10.50_BHBL,BHBL,300,10,17122
A300w10.50_BHBLP,BHBLP,300,10,17117
A300w10.50_GShenFSU1.7,GShenFSU1.7,300,10,23526
A300w10.50_GShenFSU2.1,GShenFSU2.1,300,10,23526
A300w10.50_GShenNL3,GShenNL3,300,10,26199
A300w10.50_HSDD2,HSDD2,300,10,17133
A300w10.50_HSFSG,HSFSG,300,10,17131
A300w10.50_HSIUF,HSIUF,300,10,17132
A300w10.50_HSNL3,HSNL3,300,10,17129
A300w10.50_HSTM1,HSTM1,300,10,17130
A300w10.50_HSTMA,HSTMA,300,10,17136
A300w10.50_HShen,HShen,300,10,14533
A300w10.50_HShenH,HShenH,300,10,14416
A300w10.50_LS180,LS180,300,10,18557
A300w10.50_LS220,LS220,300,10,18439
A300w10.50_LS375,LS375,300,10,18271
A300w10.50_SFHo,SFHo,300,10,17126
A300w10.50_SFHx,SFHx,300,10,17124
A300w11.00_BHBL,BHBL,300,11,17382
A300w11.00_BHBLP,BHBLP,300,11,17381
A300w11.00_GShenFSU1.7,GShenFSU1.7,300,11,24248
A300w11.00_GShenFSU2.1,GShenFSU2.1,300,11,24243
A300w11.00_GShenNL3,GShenNL3,300,11,27487
A300w11.00_HSDD2,HSDD2,300,11,17395
A300w11.00_HSFSG,HSFSG,300,11,17393
A300w11.00_HSIUF,HSIUF,300,11,17395
A300w11.00_HSNL3,HSNL3,300,11,17386
A300w11.00_HSTM1,HSTM1,300,11,17388
A300w11.00_HSTMA,HSTMA,300,11,17395
A300w11.00_HShen,HShen,300,11,14691
A300w11.00_HShenH,HShenH,300,11,14600
A300w11.00_LS180,LS180,300,11,18953
A300w11.00_LS220,LS220,300,11,18836
A300w11.00_LS375,LS375,300,11,18664
A300w11.00_SFHo,SFHo,300,11,17391
A300w11.00_SFHx,SFHx,300,11,17382
A300w11.50_BHBL,BHBL,300,11,17661
A300w11.50_BHBLP,BHBLP,300,11,17666
A300w11.50_GShenFSU1.7,GShenFSU1.7,300,11,25061
A300w11.50_GShenFSU2.1,GShenFSU2.1,300,11,25030
A300w11.50_GShenNL3,GShenNL3,300,11,28698
A300w11.50_HSDD2,HSDD2,300,11,17675
A300w11.50_HSFSG,HSFSG,300,11,17680
A300w11.50_HSIUF,HSIUF,300,11,17681
A300w11.50_HSNL3,HSNL3,300,11,17677
A300w11.50_HSTM1,HSTM1,300,11,17676
A300w11.50_HSTMA,HSTMA,300,11,17682
A300w11.50_HShen,HShen,300,11,14846
A300w11.50_HShenH,HShenH,300,11,14806
A300w11.50_LS180,LS180,300,11,19391
A300w11.50_LS220,LS220,300,11,19286
A300w11.50_LS375,LS375,300,11,19105
A300w11.50_SFHo,SFHo,300,11,17676
A300w11.50_SFHx,SFHx,300,11,17675
A300w12.00_BHBL,BHBL,300,12,17979
A300w12.00_BHBLP,BHBLP,300,12,17978
A300w12.00_GShenFSU1.7,GShenFSU1.7,300,12,25999
A300w12.00_GShenFSU2.1,GShenFSU2.1,300,12,26004
A300w12.00_GShenNL3,GShenNL3,300,12,30102
A300w12.00_HSDD2,HSDD2,300,12,17993
A300w12.00_HSFSG,HSFSG,300,12,17993
A300w12.00_HSIUF,HSIUF,300,12,17991
A300w12.00_HSNL3,HSNL3,300,12,17989
A300w12.00_HSTM1,HSTM1,300,12,17988
A300w12.00_HSTMA,HSTMA,300,12,17995
A300w12.00_HShen,HShen,300,12,15025
A300w12.00_HShenH,HShenH,300,12,14977
A300w12.00_LS180,LS180,300,12,19884
A300w12.00_LS220,LS220,300,12,19785
A300w12.00_LS375,LS375,300,12,19601
A300w12.00_SFHo,SFHo,300,12,17985
A300w12.00_SFHx,SFHx,300,12,17981
A300w12.50_BHBL,BHBL,300,12,18320
A300w12.50_BHBLP,BHBLP,300,12,18321
A300w12.50_GShenFSU1.7,GShenFSU1.7,300,12,27073
A300w12.50_GShenFSU2.1,GShenFSU2.1,300,12,27077
A300w12.50_GShenNL3,GShenNL3,300,12,31730
A300w12.50_HSDD2,HSDD2,300,12,18333
A300w12.50_HSFSG,HSFSG,300,12,18336
A300w12.50_HSIUF,HSIUF,300,12,18338
A300w12.50_HSNL3,HSNL3,300,12,18332
A300w12.50_HSTM1,HSTM1,300,12,18332
A300w12.50_HSTMA,HSTMA,300,12,18333
A300w12.50_HShen,HShen,300,12,15218
A300w12.50_HShenH,HShenH,300,12,15192
A300w12.50_LS180,LS180,300,12,20436
A300w12.50_LS220,LS220,300,12,20352
A300w12.50_LS375,LS375,300,12,20159
A300w12.50_SFHo,SFHo,300,12,18333
A300w12.50_SFHx,SFHx,300,12,18330
A300w13.00_BHBL,BHBL,300,13,18694
A300w13.00_BHBLP,BHBLP,300,13,18694
A300w13.00_GShenFSU1.7,GShenFSU1.7,300,13,28304
A300w13.00_GShenFSU2.1,GShenFSU2.1,300,13,28306
A300w13.00_GShenNL3,GShenNL3,300,13,33531
A300w13.00_HSDD2,HSDD2,300,13,18708
A300w13.00_HSFSG,HSFSG,300,13,18712
A300w13.00_HSIUF,HSIUF,300,13,18710
A300w13.00_HSNL3,HSNL3,300,13,18710
A300w13.00_HSTM1,HSTM1,300,13,18708
A300w13.00_HSTMA,HSTMA,300,13,18710
A300w13.00_HShen,HShen,300,13,15425
A300w13.00_HShenH,HShenH,300,13,15354
A300w13.00_LS180,LS180,300,13,21064
A300w13.00_LS220,LS220,300,13,20995
A300w13.00_LS375,LS375,300,13,20798
A300w13.00_SFHo,SFHo,300,13,18706
A300w13.00_SFHx,SFHx,300,13,18703
A300w13.50_BHBL,BHBL,300,13,19110
A300w13.50_BHBLP,BHBLP,300,13,19106
A300w13.50_GShenFSU1.7,GShenFSU1.7,300,13,29719
A300w13.50_GShenFSU2.1,GShenFSU2.1,300,13,29715
A300w13.50_GShenNL3,GShenNL3,300,13,35406
A300w13.50_HSDD2,HSDD2,300,13,19124
A300w13.50_HSFSG,HSFSG,300,13,19122
A300w13.50_HSIUF,HSIUF,300,13,19123
A300w13.50_HSNL3,HSNL3,300,13,19121
A300w13.50_HSTM1,HSTM1,300,13,19120
A300w13.50_HSTMA,HSTMA,300,13,19127
A300w13.50_HShen,HShen,300,13,15643
A300w13.50_HShenH,HShenH,300,13,15633
A300w13.50_LS180,LS180,300,13,21797
A300w13.50_LS220,LS220,300,13,21725
A300w13.50_LS375,LS375,300,13,21519
A300w13.50_SFHo,SFHo,300,13,19126
A300w13.50_SFHx,SFHx,300,13,19113
A300w14.00_BHBL,BHBL,300,14,19567
A300w14.00_BHBLP,BHBLP,300,14,19566
A300w14.00_GShenFSU1.7,GShenFSU1.7,300,14,31309
A300w14.00_GShenFSU2.1,GShenFSU2.1,300,14,31336
A300w14.00_GShenNL3,GShenNL3,300,14,37843
A300w14.00_HSDD2,HSDD2,300,14,19582
A300w14.00_HSFSG,HSFSG,300,14,19523
A300w14.00_HSIUF,HSIUF,300,14,19580
A300w14.00_HSNL3,HSNL3,300,14,19580
A300w14.00_HSTM1,HSTM1,300,14,19582
A300w14.00_HSTMA,HSTMA,300,14,19588
A300w14.00_HShen,HShen,300,14,15881
A300w14.00_HShenH,HShenH,300,14,15865
A300w14.00_LS180,LS180,300,14,22655
A300w14.00_LS220,LS220,300,14,22580
A300w14.00_LS375,LS375,300,14,22348
A300w14.00_SFHo,SFHo,300,14,19582
A300w14.00_SFHx,SFHx,300,14,19574
A300w14.50_BHBL,BHBL,300,14,20070
A300w14.50_BHBLP,BHBLP,300,14,20073
A300w14.50_GShenFSU1.7,GShenFSU1.7,300,14,33415
A300w14.50_GShenFSU2.1,GShenFSU2.1,300,14,33419
A300w14.50_GShenNL3,GShenNL3,300,14,42268
A300w14.50_HSDD2,HSDD2,300,14,20092
A300w14.50_HSFSG,HSFSG,300,14,20093
A300w14.50_HSIUF,HSIUF,300,14,20091
A300w14.50_HSNL3,HSNL3,300,14,20088
A300w14.50_HSTM1,HSTM1,300,14,20090
A300w14.50_HSTMA,HSTMA,300,14,20096
A300w14.50_HShen,HShen,300,14,16141
A300w14.50_HShenH,HShenH,300,14,16130
A300w14.50_LS180,LS180,300,14,23646
A300w14.50_LS220,LS220,300,14,23609
A300w14.50_LS375,LS375,300,14,23351
A300w14.50_SFHo,SFHo,300,14,20085
A300w14.50_SFHx,SFHx,300,14,20086
A300w15.00_BHBL,BHBL,300,15,20636
A300w15.00_BHBLP,BHBLP,300,15,20632
A300w15.00_GShenFSU1.7,GShenFSU1.7,300,15,35790
A300w15.00_GShenFSU2.1,GShenFSU2.1,300,15,35791
A300w15.00_GShenNL3,GShenNL3,300,15,56839
A300w15.00_HSDD2,HSDD2,300,15,20657
A300w15.00_HSFSG,HSFSG,300,15,20657
A300w15.00_HSIUF,HSIUF,300,15,20663
A300w15.00_HSNL3,HSNL3,300,15,20657
A300w15.00_HSTM1,HSTM1,300,15,20653
A300w15.00_HSTMA,HSTMA,300,15,20658
A300w15.00_HShen,HShen,300,15,16420
A300w15.00_HShenH,HShenH,300,15,16405
A300w15.00_LS180,LS180,300,15,24803
A300w15.00_LS220,LS220,300,15,24846
A300w15.00_LS375,LS375,300,15,24569
A300w15.00_SFHo,SFHo,300,15,20654
A300w15.00_SFHx,SFHx,300,15,20650
A300w15.50_BHBL,BHBL,300,15,21266
A300w15.50_BHBLP,BHBLP,300,15,21265
A300w15.50_GShenFSU1.7,GShenFSU1.7,300,15,39318
A300w15.50_GShenFSU2.1,GShenFSU2.1,300,15,39318
A300w15.50_GShenNL3,GShenNL3,300,15,74434
A300w15.50_HSDD2,HSDD2,300,15,21291
A300w15.50_HSFSG,HSFSG,300,15,21289
A300w15.50_HSIUF,HSIUF,300,15,21288
A300w15.50_HSNL3,HSNL3,300,15,21284
A300w15.50_HSTM1,HSTM1,300,15,21288
A300w15.50_HSTMA,HSTMA,300,15,21297
A300w15.50_HShen,HShen,300,15,16726
A300w15.50_HShenH,HShenH,300,15,16716
A300w15.50_LS180,LS180,300,15,26204
A300w15.50_LS220,LS220,300,15,26322
A300w15.50_LS375,LS375,300,15,26042
A300w15.50_SFHo,SFHo,300,15,21287
A300w15.50_SFHx,SFHx,300,15,21285
A300w2.00_BHBL,BHBL,300,2,15014
A300w2.00_BHBLP,BHBLP,300,2,15014
A300w2.00_GShenFSU1.7,GShenFSU1.7,300,2,18588
A300w2.00_GShenFSU2.1,GShenFSU2.1,300,2,18591
A300w2.00_GShenNL3,GShenNL3,300,2,19651
A300w2.00_HSDD2,HSDD2,300,2,15021
A300w2.00_HSFSG,HSFSG,300,2,15017
A300w2.00_HSIUF,HSIUF,300,2,15018
A300w2.00_HSNL3,HSNL3,300,2,15018
A300w2.00_HSTM1,HSTM1,300,2,15016
A300w2.00_HSTMA,HSTMA,300,2,15020
A300w2.00_HShen,HShen,300,2,13218
A300w2.00_HShenH,HShenH,300,2,13210
A300w2.00_LS180,LS180,300,2,15625
A300w2.00_LS220,LS220,300,2,15529
A300w2.00_LS375,LS375,300,2,15403
A300w2.00_SFHo,SFHo,300,2,15021
A300w2.00_SFHx,SFHx,300,2,15013
A300w2.50_BHBL,BHBL,300,2,15050
A300w2.50_BHBLP,BHBLP,300,2,15051
A300w2.50_GShenFSU1.7,GShenFSU1.7,300,2,18664
A300w2.50_GShenFSU2.1,GShenFSU2.1,300,2,18661
A300w2.50_GShenNL3,GShenNL3,300,2,19766
A300w2.50_HSDD2,HSDD2,300,2,15058
A300w2.50_HSFSG,HSFSG,300,2,15057
A300w2.50_HSIUF,HSIUF,300,2,15056
A300w2.50_HSNL3,HSNL3,300,2,15057
A300w2.50_HSTM1,HSTM1,300,2,15054
A300w2.50_HSTMA,HSTMA,300,2,15060
A300w2.50_HShen,HShen,300,2,13246
A300w2.50_HShenH,HShenH,300,2,13236
A300w2.50_LS180,LS180,300,2,15674
A300w2.50_LS220,LS220,300,2,15572
A300w2.50_LS375,LS375,300,2,15451
A300w2.50_SFHo,SFHo,300,2,15056
A300w2.50_SFHx,SFHx,300,2,15048
A300w3.00_BHBL,BHBL,300,3,15097
A300w3.00_BHBLP,BHBLP,300,3,15102
A300w3.00_GShenFSU1.7,GShenFSU1.7,300,3,18758
A300w3.00_GShenFSU2.1,GShenFSU2.1,300,3,18759
A300w3.00_GShenNL3,GShenNL3,300,3,19832
A300w3.00_HSDD2,HSDD2,300,3,15100
A300w3.00_HSFSG,HSFSG,300,3,15103
A300w3.00_HSIUF,HSIUF,300,3,15103
A300w3.00_HSNL3,HSNL3,300,3,15102
A300w3.00_HSTM1,HSTM1,300,3,15099
A300w3.00_HSTMA,HSTMA,300,3,15104
A300w3.00_HShen,HShen,300,3,13277
A300w3.00_HShenH,HShenH,300,3,13264
A300w3.00_LS180,LS180,300,3,15734
A300w3.00_LS220,LS220,300,3,15635
A300w3.00_LS375,LS375,300,3,15506
A300w3.00_SFHo,SFHo,300,3,15102
A300w3.00_SFHx,SFHx,300,3,15098
A300w3.50_BHBL,BHBL,300,3,15153
A300w3.50_BHBLP,BHBLP,300,3,15154
A300w3.50_GShenFSU1.7,GShenFSU1.7,300,3,18876
A300w3.50_GShenFSU2.1,GShenFSU2.1,300,3,18870
A300w3.50_GShenNL3,GShenNL3,300,3,19967
A300w3.50_HSDD2,HSDD2,300,3,15158
A300w3.50_HSFSG,HSFSG,300,3,15155
A300w3.50_HSIUF,HSIUF,300,3,15158
A300w3.50_HSNL3,HSNL3,300,3,15158
A300w3.50_HSTM1,HSTM1,300,3,15154
A300w3.50_HSTMA,HSTMA,300,3,15161
A300w3.50_HShen,HShen,300,3,13310
A300w3.50_HShenH,HShenH,300,3,13304
A300w3.50_LS180,LS180,300,3,15805
A300w3.50_LS220,LS220,300,3,15707
A300w3.50_LS375,LS375,300,3,15578
A300w3.50_SFHo,SFHo,300,3,15159
A300w3.50_SFHx,SFHx,300,3,15152
A300w4.00_BHBL,BHBL,300,4,15216
A300w4.00_BHBLP,BHBLP,300,4,15219
A300w4.00_GShenFSU1.7,GShenFSU1.7,300,4,19007
A300w4.00_GShenFSU2.1,GShenFSU2.1,300,4,19004
A300w4.00_GShenNL3,GShenNL3,300,4,20104
A300w4.00_HSDD2,HSDD2,300,4,15220
A300w4.00_HSFSG,HSFSG,300,4,15221
A300w4.00_HSIUF,HSIUF,300,4,15221
A300w4.00_HSNL3,HSNL3,300,4,15222
A300w4.00_HSTM1,HSTM1,300,4,15221
A300w4.00_HSTMA,HSTMA,300,4,15227
A300w4.00_HShen,HShen,300,4,13354
A300w4.00_HShenH,HShenH,300,4,13346
A300w4.00_LS180,LS180,300,4,15890
A300w4.00_LS220,LS220,300,4,15790
A300w4.00_LS375,LS375,300,4,15661
A300w4.00_SFHo,SFHo,300,4,15220
A300w4.00_SFHx,SFHx,300,4,15216
A300w4.50_BHBL,BHBL,300,4,15290
A300w4.50_BHBLP,BHBLP,300,4,15288
A300w4.50_GShenFSU1.7,GShenFSU1.7,300,4,19160
A300w4.50_GShenFSU2.1,GShenFSU2.1,300,4,19161
A300w4.50_GShenNL3,GShenNL3,300,4,20328
A300w4.50_HSDD2,HSDD2,300,4,15296
A300w4.50_HSFSG,HSFSG,300,4,15300
A300w4.50_HSIUF,HSIUF,300,4,15296
A300w4.50_HSNL3,HSNL3,300,4,15294
A300w4.50_HSTM1,HSTM1,300,4,15294
A300w4.50_HSTMA,HSTMA,300,4,15296
A300w4.50_HShen,HShen,300,4,13403
A300w4.50_HShenH,HShenH,300,4,13395
A300w4.50_LS180,LS180,300,4,15988
A300w4.50_LS220,LS220,300,4,15884
A300w4.50_LS375,LS375,300,4,15752
A300w4.50_SFHo,SFHo,300,4,15293
A300w4.50_SFHx,SFHx,300,4,15292
A300w5.00_BHBL,BHBL,300,5,15374
A300w5.00_BHBLP,BHBLP,300,5,15376
A300w5.00_GShenFSU1.7,GShenFSU1.7,300,5,19334
A300w5.00_GShenFSU2.1,GShenFSU2.1,300,5,19335
A300w5.00_GShenNL3,GShenNL3,300,5,20494
A300w5.00_HSDD2,HSDD2,300,5,15382
A300w5.00_HSFSG,HSFSG,300,5,15383
A300w5.00_HSIUF,HSIUF,300,5,15382
A300w5.00_HSNL3,HSNL3,300,5,15379
A300w5.00_HSTM1,HSTM1,300,5,15376
A300w5.00_HSTMA,HSTMA,300,5,15382
A300w5.00_HShen,HShen,300,5,13461
A300w5.00_HShenH,HShenH,300,5,13447
A300w5.00_LS180,LS180,300,5,16095
A300w5.00_LS220,LS220,300,5,15993
A300w5.00_LS375,LS375,300,5,15861
A300w5.00_SFHo,SFHo,300,5,15378
A300w5.00_SFHx,SFHx,300,5,15371
A300w5.50_BHBL,BHBL,300,5,15470
A300w5.50_BHBLP,BHBLP,300,5,15472
A300w5.50_GShenFSU1.7,GShenFSU1.7,300,5,19538
A300w5.50_GShenFSU2.1,GShenFSU2.1,300,5,19537
A300w5.50_GShenNL3,GShenNL3,300,5,20791
A300w5.50_HSDD2,HSDD2,300,5,15473
A300w5.50_HSFSG,HSFSG,300,5,15473
A300w5.50_HSIUF,HSIUF,300,5,15477
A300w5.50_HSNL3,HSNL3,300,5,15470
A300w5.50_HSTM1,HSTM1,300,5,15469
A300w5.50_HSTMA,HSTMA,300,5,15474
A300w5.50_HShen,HShen,300,5,13517
A300w5.50_HShenH,HShenH,300,5,13507
A300w5.50_LS180,LS180,300,5,16223
A300w5.50_LS220,LS220,300,5,16115
A300w5.50_LS375,LS375,300,5,15983
A300w5.50_SFHo,SFHo,300,5,15474
A300w5.50_SFHx,SFHx,300,5,15470
A300w6.00_BHBL,BHBL,300,6,15571
A300w6.00_BHBLP,BHBLP,300,6,15575
A300w6.00_GShenFSU1.7,GShenFSU1.7,300,6,19761
A300w6.00_GShenFSU2.1,GShenFSU2.1,300,6,19763
A300w6.00_GShenNL3,GShenNL3,300,6,21272
A300w6.00_HSDD2,HSDD2,300,6,15576
A300w6.00_HSFSG,HSFSG,300,6,15580
A300w6.00_HSIUF,HSIUF,300,6,15578
A300w6.00_HSNL3,HSNL3,300,6,15580
A300w6.00_HSTM1,HSTM1,300,6,15577
A300w6.00_HSTMA,HSTMA,300,6,15579
A300w6.00_HShen,HShen,300,6,13586
A300w6.00_HShenH,HShenH,300,6,13576
A300w6.00_LS180,LS180,300,6,16363
A300w6.00_LS220,LS220,300,6,16257
A300w6.00_LS375,LS375,300,6,16119
A300w6.00_SFHo,SFHo,300,6,15578
A300w6.00_SFHx,SFHx,300,6,15574
A300w6.50_BHBL,BHBL,300,6,15692
A300w6.50_BHBLP,BHBLP,300,6,15690
A300w6.50_GShenFSU1.7,GShenFSU1.7,300,6,20015
A300w6.50_GShenFSU2.1,GShenFSU2.1,300,6,20017
A300w6.50_GShenNL3,GShenNL3,300,6,21597
A300w6.50_HSDD2,HSDD2,300,6,15695
A300w6.50_HSFSG,HSFSG,300,6,15695
A300w6.50_HSIUF,HSIUF,300,6,15696
A300w6.50_HSNL3,HSNL3,300,6,15694
A300w6.50_HSTM1,HSTM1,300,6,15691
A300w6.50_HSTMA,HSTMA,300,6,15698
A300w6.50_HShen,HShen,300,6,13657
A300w6.50_HShenH,HShenH,300,6,13649
A300w6.50_LS180,LS180,300,6,16520
A300w6.50_LS220,LS220,300,6,16407
A300w6.50_LS375,LS375,300,6,16269
A300w6.50_SFHo,SFHo,300,6,15690
A300w6.50_SFHx,SFHx,300,6,15687
A300w7.00_BHBL,BHBL,300,7,15816
A300w7.00_BHBLP,BHBLP,300,7,15817
A300w7.00_GShenFSU1.7,GShenFSU1.7,300,7,20297
A300w7.00_GShenFSU2.1,GShenFSU2.1,300,7,20299
A300w7.00_GShenNL3,GShenNL3,300,7,21971
A300w7.00_HSDD2,HSDD2,300,7,15823
A300w7.00_HSFSG,HSFSG,300,7,15825
A300w7.00_HSIUF,HSIUF,300,7,15826
A300w7.00_HSNL3,HSNL3,300,7,15817
A300w7.00_HSTM1,HSTM1,300,7,15819
A300w7.00_HSTMA,HSTMA,300,7,15822
A300w7.00_HShen,HShen,300,7,13735
A300w7.00_HShenH,HShenH,300,7,13728
A300w7.00_LS180,LS180,300,7,16695
A300w7.00_LS220,LS220,300,7,16581
A300w7.00_LS375,LS375,300,7,16442
A300w7.00_SFHo,SFHo,300,7,15817
A300w7.00_SFHx,SFHx,300,7,15817
A300w7.50_BHBL,BHBL,300,7,15957
A300w7.50_BHBLP,BHBLP,300,7,15957
A300w7.50_GShenFSU1.7,GShenFSU1.7,300,7,20619
A300w7.50_GShenFSU2.1,GShenFSU2.1,300,7,20620
A300w7.50_GShenNL3,GShenNL3,300,7,22396
A300w7.50_HSDD2,HSDD2,300,7,15964
A300w7.50_HSFSG,HSFSG,300,7,15962
A300w7.50_HSIUF,HSIUF,300,7,15962
A300w7.50_HSNL3,HSNL3,300,7,15964
A300w7.50_HSTM1,HSTM1,300,7,15959
A300w7.50_HSTMA,HSTMA,300,7,15966
A300w7.50_HShen,HShen,300,7,13827
A300w7.50_HShenH,HShenH,300,7,13816
A300w7.50_LS180,LS180,300,7,16882
A300w7.50_LS220,LS220,300,7,16770
A300w7.50_LS375,LS375,300,7,16630
A300w7.50_SFHo,SFHo,300,7,15964
A300w7.50_SFHx,SFHx,300,7,15959
A300w8.00_BHBL,BHBL,300,8,16112
A300w8.00_BHBLP,BHBLP,300,8,16114
A300w8.00_GShenFSU1.7,GShenFSU1.7,300,8,20975
A300w8.00_GShenFSU2.1,GShenFSU2.1,300,8,20975
A300w8.00_GShenNL3,GShenNL3,300,8,22870
A300w8.00_HSDD2,HSDD2,300,8,16116
A300w8.00_HSFSG,HSFSG,300,8,16119
A300w8.00_HSIUF,HSIUF,300,8,16119
A300w8.00_HSNL3,HSNL3,300,8,16118
A300w8.00_HSTM1,HSTM1,300,8,16113
A300w8.00_HSTMA,HSTMA,300,8,16121
A300w8.00_HShen,HShen,300,8,13923
A300w8.00_HShenH,HShenH,300,8,13915
A300w8.00_LS180,LS180,300,8,17100
A300w8.00_LS220,LS220,300,8,16983
A300w8.00_LS375,LS375,300,8,16835
A300w8.00_SFHo,SFHo,300,8,16117
A300w8.00_SFHx,SFHx,300,8,16110
A300w8.50_BHBL,BHBL,300,8,16278
A300w8.50_BHBLP,BHBLP,300,8,16280
A300w8.50_GShenFSU1.7,GShenFSU1.7,300,8,21379
A300w8.50_GShenFSU2.1,GShenFSU2.1,300,8,21377
A300w8.50_GShenNL3,GShenNL3,300,8,23417
A300w8.50_HSDD2,HSDD2,300,8,16288
A300w8.50_HSFSG,HSFSG,300,8,16287
A300w8.50_HSIUF,HSIUF,300,8,16290
A300w8.50_HSNL3,HSNL3,300,8,16283
A300w8.50_HSTM1,HSTM1,300,8,16282
A300w8.50_HSTMA,HSTMA,300,8,16283
A300w8.50_HShen,HShen,300,8,14029
A300w8.50_HShenH,HShenH,300,8,13780
A300w8.50_LS180,LS180,300,8,17333
A300w8.50_LS220,LS220,300,8,17216
A300w8.50_LS375,LS375,300,8,17064
A300w8.50_SFHo,SFHo,300,8,16284
A300w8.50_SFHx,SFHx,300,8,16279
A300w9.00_BHBL,BHBL,300,9,16463
A300w9.00_BHBLP,BHBLP,300,9,16458
A300w9.00_GShenFSU1.7,GShenFSU1.7,300,9,21823
A300w9.00_GShenFSU2.1,GShenFSU2.1,300,9,21822
A300w9.00_GShenNL3,GShenNL3,300,9,24032
A300w9.00_HSDD2,HSDD2,300,9,16470
A300w9.00_HSFSG,HSFSG,300,9,16471
A300w9.00_HSIUF,HSIUF,300,9,16473
A300w9.00_HSNL3,HSNL3,300,9,16466
A300w9.00_HSTM1,HSTM1,300,9,16469
A300w9.00_HSTMA,HSTMA,300,9,16476
A300w9.00_HShen,HShen,300,9,14140
A300w9.00_HShenH,HShenH,300,9,13920
A300w9.00_LS180,LS180,300,9,17594
A300w9.00_LS220,LS220,300,9,17480
A300w9.00_LS375,LS375,300,9,17324
A300w9.00_SFHo,SFHo,300,9,16469
A300w9.00_SFHx,SFHx,300,9,16462
A300w9.50_BHBL,BHBL,300,9,16662
A300w9.50_BHBLP,BHBLP,300,9,16666
A300w9.50_GShenFSU1.7,GShenFSU1.7,300,9,22329
A300w9.50_GShenFSU2.1,GShenFSU2.1,300,9,22329
A300w9.50_GShenNL3,GShenNL3,300,9,24634
A300w9.50_HSDD2,HSDD2,300,9,16671
A300w9.50_HSFSG,HSFSG,300,9,16671
A300w9.50_HSIUF,HSIUF,300,9,16674
A300w9.50_HSNL3,HSNL3,300,9,16668
A300w9.50_HSTM1,HSTM1,300,9,16673
A300w9.50_HSTMA,HSTMA,300,9,16675
A300w9.50_HShen,HShen,300,9,14260
A300w9.50_HShenH,HShenH,300,9,14087
A300w9.50_LS180,LS180,300,9,17880
A300w9.50_LS220,LS220,300,9,17762
A300w9.50_LS375,LS375,300,9,17606
A300w9.50_SFHo,SFHo,300,9,16673
A300w9.50_SFHx,SFHx,300,9,16664
A467w0.50_BHBL,BHBL,467,0,14958
A467w0.50_BHBLP,BHBLP,467,0,14956
A467w0.50_GShenFSU1.7,GShenFSU1.7,467,0,18478
A467w0.50_GShenFSU2.1,GShenFSU2.1,467,0,18477
A467w0.50_GShenNL3,GShenNL3,467,0,19648
A467w0.50_HSDD2,HSDD2,467,0,14962
A467w0.50_HSFSG,HSFSG,467,0,14961
A467w0.50_HSIUF,HSIUF,467,0,14960
A467w0.50_HSNL3,HSNL3,467,0,14958
A467w0.50_HSTM1,HSTM1,467,0,14960
A467w0.50_HSTMA,HSTMA,467,0,14965
A467w0.50_HShen,HShen,467,0,13180
A467w0.50_HShenH,HShenH,467,0,13173
A467w0.50_LS180,LS180,467,0,15548
A467w0.50_LS220,LS220,467,0,15452
A467w0.50_LS375,LS375,467,0,15151
A467w0.50_SFHo,SFHo,467,0,14961
A467w0.50_SFHx,SFHx,467,0,14956
A467w1.00_BHBL,BHBL,467,1,14984
A467w1.00_BHBLP,BHBLP,467,1,14984
A467w1.00_GShenFSU1.7,GShenFSU1.7,467,1,18530
A467w1.00_GShenFSU2.1,GShenFSU2.1,467,1,18513
A467w1.00_GShenNL3,GShenNL3,467,1,19717
A467w1.00_HSDD2,HSDD2,467,1,14989
A467w1.00_HSFSG,HSFSG,467,1,14987
A467w1.00_HSIUF,HSIUF,467,1,14990
A467w1.00_HSNL3,HSNL3,467,1,14980
A467w1.00_HSTM1,HSTM1,467,1,14988
A467w1.00_HSTMA,HSTMA,467,1,14993
A467w1.00_HShen,HShen,467,1,13199
A467w1.00_HShenH,HShenH,467,1,13192
A467w1.00_LS180,LS180,467,1,15587
A467w1.00_LS220,LS220,467,1,15486
A467w1.00_LS375,LS375,467,1,15362
A467w1.00_SFHo,SFHo,467,1,14986
A467w1.00_SFHx,SFHx,467,1,14982
A467w1.50_BHBL,BHBL,467,1,15030
A467w1.50_BHBLP,BHBLP,467,1,15032
A467w1.50_GShenFSU1.7,GShenFSU1.7,467,1,18626
A467w1.50_GShenFSU2.1,GShenFSU2.1,467,1,18623
A467w1.50_GShenNL3,GShenNL3,467,1,19837
A467w1.50_HSDD2,HSDD2,467,1,15035
A467w1.50_HSFSG,HSFSG,467,1,15038
A467w1.50_HSIUF,HSIUF,467,1,15036
A467w1.50_HSNL3,HSNL3,467,1,15033
A467w1.50_HSTM1,HSTM1,467,1,15031
A467w1.50_HSTMA,HSTMA,467,1,15034
A467w1.50_HShen,HShen,467,1,13230
A467w1.50_HShenH,HShenH,467,1,13220
A467w1.50_LS180,LS180,467,1,15641
A467w1.50_LS220,LS220,467,1,15546
A467w1.50_LS375,LS375,467,1,15417
A467w1.50_SFHo,SFHo,467,1,15035
A467w1.50_SFHx,SFHx,467,1,15032
A467w10.00_BHBL,BHBL,467,10,20862
A467w10.00_BHBLP,BHBLP,467,10,20860
A467w10.00_GShenFSU1.7,GShenFSU1.7,467,10,37749
A467w10.00_GShenFSU2.1,GShenFSU2.1,467,10,37749
A467w10.00_GShenNL3,GShenNL3,467,10,73313
A467w10.00_HSDD2,HSDD2,467,10,20887
A467w10.00_HSFSG,HSFSG,467,10,20884
A467w10.00_HSIUF,HSIUF,467,10,20863
A467w10.00_HSNL3,HSNL3,467,10,20883
A467w10.00_HSTM1,HSTM1,467,10,20880
A467w10.00_HSTMA,HSTMA,467,10,20887
A467w10.00_HShen,HShen,467,10,16414
A467w10.00_HShenH,HShenH,467,10,16398
A467w10.00_LS180,LS180,467,10,25178
A467w10.00_LS220,LS220,467,10,25243
A467w10.00_LS375,LS375,467,10,24935
A467w10.00_SFHo,SFHo,467,10,20883
A467w10.00_SFHx,SFHx,467,10,20874
A467w10.50_BHBL,BHBL,467,10,21961
A467w10.50_BHBLP,BHBLP,467,10,21961
A467w10.50_GShenFSU1.7,GShenFSU1.7,467,10,49403
A467w10.50_GShenFSU2.1,GShenFSU2.1,467,10,49409
A467w10.50_GShenNL3,GShenNL3,467,10,66169
A467w10.50_HSDD2,HSDD2,467,10,21991
A467w10.50_HSFSG,HSFSG,467,10,21990
A467w10.50_HSIUF,HSIUF,467,10,21995
A467w10.50_HSNL3,HSNL3,467,10,21988
A467w10.50_HSTM1,HSTM1,467,10,21989
A467w10.50_HSTMA,HSTMA,467,10,21995
A467w10.50_HShen,HShen,467,10,16907
A467w10.50_HShenH,HShenH,467,10,16888
A467w10.50_LS180,LS180,467,10,27561
A467w10.50_LS220,LS220,467,10,27916
A467w10.50_LS375,LS375,467,10,27535
A467w10.50_SFHo,SFHo,467,10,21985
A467w10.50_SFHx,SFHx,467,10,21982
A467w11.00_BHBL,BHBL,467,11,23317
A467w11.00_BHBLP,BHBLP,467,11,23317
A467w11.00_GShenFSU1.7,GShenFSU1.7,467,11,65696
A467w11.00_GShenFSU2.1,GShenFSU2.1,467,11,72267
A467w11.00_GShenNL3,GShenNL3,467,11,69164
A467w11.00_HSDD2,HSDD2,467,11,23354
A467w11.00_HSFSG,HSFSG,467,11,23358
A467w11.00_HSIUF,HSIUF,467,11,23357
A467w11.00_HSNL3,HSNL3,467,11,23352
A467w11.00_HSTM1,HSTM1,467,11,23346
A467w11.00_HSTMA,HSTMA,467,11,23361
A467w11.00_HShen,HShen,467,11,17474
A467w11.00_HShenH,HShenH,467,11,17453
A467w11.00_LS180,LS180,467,11,30555
A467w11.00_LS220,LS220,467,11,31435
A467w11.00_LS375,LS375,467,11,30971
A467w11.00_SFHo,SFHo,467,11,23353
A467w11.00_SFHx,SFHx,467,11,23346
A467w11.50_BHBL,BHBL,467,11,25013
A467w11.50_BHBLP,BHBLP,467,11,25005
A467w11.50_GShenFSU1.7,GShenFSU1.7,467,11,68923
A467w11.50_GShenFSU2.1,GShenFSU2.1,467,11,69591
A467w11.50_GShenNL3,GShenNL3,467,11,71240
A467w11.50_HSDD2,HSDD2,467,11,25066
A467w11.50_HSFSG,HSFSG,467,11,25063
A467w11.50_HSIUF,HSIUF,467,11,25067
A467w11.50_HSNL3,HSNL3,467,11,25060
A467w11.50_HSTM1,HSTM1,467,11,24876
A467w11.50_HSTMA,HSTMA,467,11,25068
A467w11.50_HShen,HShen,467,11,18139
A467w11.50_HShenH,HShenH,467,11,18109
A467w11.50_LS180,LS180,467,11,35746
A467w11.50_LS220,LS220,467,11,36548
A467w11.50_LS375,LS375,467,11,35988
A467w11.50_SFHo,SFHo,467,11,25061
A467w11.50_SFHx,SFHx,467,11,25052
A467w2.00_BHBL,BHBL,467,2,15094
A467w2.00_BHBLP,BHBLP,467,2,15097
A467w2.00_GShenFSU1.7,GShenFSU1.7,467,2,18760
A467w2.00_GShenFSU2.1,GShenFSU2.1,467,2,18759
A467w2.00_GShenNL3,GShenNL3,467,2,20003
A467w2.00_HSDD2,HSDD2,467,2,15097
A467w2.00_HSFSG,HSFSG,467,2,15100
A467w2.00_HSIUF,HSIUF,467,2,15102
A467w2.00_HSNL3,HSNL3,467,2,15100
A467w2.00_HSTM1,HSTM1,467,2,15100
A467w2.00_HSTMA,HSTMA,467,2,15102
A467w2.00_HShen,HShen,467,2,13273
A467w2.00_HShenH,HShenH,467,2,13260
A467w2.00_LS180,LS180,467,2,15725
A467w2.00_LS220,LS220,467,2,15626
A467w2.00_LS375,LS375,467,2,15502
A467w2.00_SFHo,SFHo,467,2,15097
A467w2.00_SFHx,SFHx,467,2,15093
A467w2.50_BHBL,BHBL,467,2,15180
A467w2.50_BHBLP,BHBLP,467,2,15181
A467w2.50_GShenFSU1.7,GShenFSU1.7,467,2,18935
A467w2.50_GShenFSU2.1,GShenFSU2.1,467,2,18938
A467w2.50_GShenNL3,GShenNL3,467,2,20225
A467w2.50_HSDD2,HSDD2,467,2,15186
A467w2.50_HSFSG,HSFSG,467,2,15183
A467w2.50_HSIUF,HSIUF,467,2,15184
A467w2.50_HSNL3,HSNL3,467,2,15182
A467w2.50_HSTM1,HSTM1,467,2,15179
A467w2.50_HSTMA,HSTMA,467,2,15187
A467w2.50_HShen,HShen,467,2,13324
A467w2.50_HShenH,HShenH,467,2,13314
A467w2.50_LS180,LS180,467,2,15836
A467w2.50_LS220,LS220,467,2,15733
A467w2.50_LS375,LS375,467,2,15607
A467w2.50_SFHo,SFHo,467,2,15183
A467w2.50_SFHx,SFHx,467,2,15177
A467w3.00_BHBL,BHBL,467,3,15281
A467w3.00_BHBLP,BHBLP,467,3,15285
A467w3.00_GShenFSU1.7,GShenFSU1.7,467,3,19162
A467w3.00_GShenFSU2.1,GShenFSU2.1,467,3,19148
A467w3.00_GShenNL3,GShenNL3,467,3,20269
A467w3.00_HSDD2,HSDD2,467,3,15288
A467w3.00_HSFSG,HSFSG,467,3,15286
A467w3.00_HSIUF,HSIUF,467,3,15293
A467w3.00_HSNL3,HSNL3,467,3,15290
A467w3.00_HSTM1,HSTM1,467,3,15284
A467w3.00_HSTMA,HSTMA,467,3,15293
A467w3.00_HShen,HShen,467,3,13394
A467w3.00_HShenH,HShenH,467,3,13385
A467w3.00_LS180,LS180,467,3,15972
A467w3.00_LS220,LS220,467,3,15871
A467w3.00_LS375,LS375,467,3,15738
A467w3.00_SFHo,SFHo,467,3,15290
A467w3.00_SFHx,SFHx,467,3,15285
A467w3.50_BHBL,BHBL,467,3,15412
A467w3.50_BHBLP,BHBLP,467,3,15412
A467w3.50_GShenFSU1.7,GShenFSU1.7,467,3,19437
A467w3.50_GShenFSU2.1,GShenFSU2.1,467,3,19435
A467w3.50_GShenNL3,GShenNL3,467,3,20861
A467w3.50_HSDD2,HSDD2,467,3,15417
A467w3.50_HSFSG,HSFSG,467,3,15420
A467w3.50_HSIUF,HSIUF,467,3,15420
A467w3.50_HSNL3,HSNL3,467,3,15412
A467w3.50_HSTM1,HSTM1,467,3,15414
A467w3.50_HSTMA,HSTMA,467,3,15416
A467w3.50_HShen,HShen,467,3,13470
A467w3.50_HShenH,HShenH,467,3,13465
A467w3.50_LS180,LS180,467,3,16141
A467w3.50_LS220,LS220,467,3,16036
A467w3.50_LS375,LS375,467,3,15895
A467w3.50_SFHo,SFHo,467,3,15416
A467w3.50_SFHx,SFHx,467,3,15412
A467w4.00_BHBL,BHBL,467,4,15562
A467w4.00_BHBLP,BHBLP,467,4,15561
A467w4.00_GShenFSU1.7,GShenFSU1.7,467,4,19769
A467w4.00_GShenFSU2.1,GShenFSU2.1,467,4,19772
A467w4.00_GShenNL3,GShenNL3,467,4,21291
A467w4.00_HSDD2,HSDD2,467,4,15566
A467w4.00_HSFSG,HSFSG,467,4,15566
A467w4.00_HSIUF,HSIUF,467,4,15567
A467w4.00_HSNL3,HSNL3,467,4,15564
A467w4.00_HSTM1,HSTM1,467,4,15566
A467w4.00_HSTMA,HSTMA,467,4,15571
A467w4.00_HShen,HShen,467,4,13567
A467w4.00_HShenH,HShenH,467,4,13562
A467w4.00_LS180,LS180,467,4,16337
A467w4.00_LS220,LS220,467,4,16227
A467w4.00_LS375,LS375,467,4,16091
A467w4.00_SFHo,SFHo,467,4,15567
A467w4.00_SFHx,SFHx,467,4,15565
A467w4.50_BHBL,BHBL,467,4,15739
A467w4.50_BHBLP,BHBLP,467,4,15738
A467w4.50_GShenFSU1.7,GShenFSU1.7,467,4,20168
A467w4.50_GShenFSU2.1,GShenFSU2.1,467,4,20170
A467w4.50_GShenNL3,GShenNL3,467,4,21818
A467w4.50_HSDD2,HSDD2,467,4,15745
A467w4.50_HSFSG,HSFSG,467,4,15745
A467w4.50_HSIUF,HSIUF,467,4,15743
A467w4.50_HSNL3,HSNL3,467,4,15745
A467w4.50_HSTM1,HSTM1,467,4,15744
A467w4.50_HSTMA,HSTMA,467,4,15746
A467w4.50_HShen,HShen,467,4,13680
A467w4.50_HShenH,HShenH,467,4,13667
A467w4.50_LS180,LS180,467,4,16568
A467w4.50_LS220,LS220,467,4,16460
A467w4.50_LS375,LS375,467,4,16318
A467w4.50_SFHo,SFHo,467,4,15740
A467w4.50_SFHx,SFHx,467,4,15737
A467w5.00_BHBL,BHBL,467,5,15943
A467w5.00_BHBLP,BHBLP,467,5,15942
A467w5.00_GShenFSU1.7,GShenFSU1.7,467,5,20645
A467w5.00_GShenFSU2.1,GShenFSU2.1,467,5,20645
A467w5.00_GShenNL3,GShenNL3,467,5,22454
A467w5.00_HSDD2,HSDD2,467,5,15950
A467w5.00_HSFSG,HSFSG,467,5,15946
A467w5.00_HSIUF,HSIUF,467,5,15951
A467w5.00_HSNL3,HSNL3,467,5,15949
A467w5.00_HSTM1,HSTM1,467,5,15948
A467w5.00_HSTMA,HSTMA,467,5,15950
A467w5.00_HShen,HShen,467,5,13802
A467w5.00_HShenH,HShenH,467,5,13792
A467w5.00_LS180,LS180,467,5,16849
A467w5.00_LS220,LS220,467,5,16735
A467w5.00_LS375,LS375,467,5,16584
A467w5.00_SFHo,SFHo,467,5,15947
A467w5.00_SFHx,SFHx,467,5,15945
A467w5.50_BHBL,BHBL,467,5,16179
A467w5.50_BHBLP,BHBLP,467,5,16180
A467w5.50_GShenFSU1.7,GShenFSU1.7,467,5,21216
A467w5.50_GShenFSU2.1,GShenFSU2.1,467,5,21214
A467w5.50_GShenNL3,GShenNL3,467,5,23228
A467w5.50_HSDD2,HSDD2,467,5,16189
A467w5.50_HSFSG,HSFSG,467,5,16186
A467w5.50_HSIUF,HSIUF,467,5,16187
A467w5.50_HSNL3,HSNL3,467,5,16184
A467w5.50_HSTM1,HSTM1,467,5,16183
A467w5.50_HSTMA,HSTMA,467,5,16190
A467w5.50_HShen,HShen,467,5,13949
A467w5.50_HShenH,HShenH,467,5,13938
A467w5.50_LS180,LS180,467,5,17171
A467w5.50_LS220,LS220,467,5,17055
A467w5.50_LS375,LS375,467,5,16900
A467w5.50_SFHo,SFHo,467,5,16185
A467w5.50_SFHx,SFHx,467,5,16177
A467w6.00_BHBL,BHBL,467,6,16448
A467w6.00_BHBLP,BHBLP,467,6,16454
A467w6.00_GShenFSU1.7,GShenFSU1.7,467,6,21898
A467w6.00_GShenFSU2.1,GShenFSU2.1,467,6,21898
A467w6.00_GShenNL3,GShenNL3,467,6,24024
A467w6.00_HSDD2,HSDD2,467,6,16456
A467w6.00_HSFSG,HSFSG,467,6,16460
A467w6.00_HSIUF,HSIUF,467,6,16456
A467w6.00_HSNL3,HSNL3,467,6,16455
A467w6.00_HSTM1,HSTM1,467,6,16454
A467w6.00_HSTMA,HSTMA,467,6,16462
A467w6.00_HShen,HShen,467,6,14111
A467w6.00_HShenH,HShenH,467,6,14101
A467w6.00_LS180,LS180,467,6,17553
A467w6.00_LS220,LS220,467,6,17428
A467w6.00_LS375,LS375,467,6,17266
A467w6.00_SFHo,SFHo,467,6,16454
A467w6.00_SFHx,SFHx,467,6,16451
A467w6.50_BHBL,BHBL,467,6,16762
A467w6.50_BHBLP,BHBLP,467,6,16760
A467w6.50_GShenFSU1.7,GShenFSU1.7,467,6,22593
A467w6.50_GShenFSU2.1,GShenFSU2.1,467,6,22715
A467w6.50_GShenNL3,GShenNL3,467,6,25355
A467w6.50_HSDD2,HSDD2,467,6,16771
A467w6.50_HSFSG,HSFSG,467,6,16769
A467w6.50_HSIUF,HSIUF,467,6,16769
A467w6.50_HSNL3,HSNL3,467,6,16769
A467w6.50_HSTM1,HSTM1,467,6,16766
A467w6.50_HSTMA,HSTMA,467,6,16771
A467w6.50_HShen,HShen,467,6,14292
A467w6.50_HShenH,HShenH,467,6,14283
A467w6.50_LS180,LS180,467,6,17999
A467w6.50_LS220,LS220,467,6,17870
A467w6.50_LS375,LS375,467,6,17699
A467w6.50_SFHo,SFHo,467,6,16769
A467w6.50_SFHx,SFHx,467,6,16765
A467w7.00_BHBL,BHBL,467,7,17115
A467w7.00_BHBLP,BHBLP,467,7,17116
A467w7.00_GShenFSU1.7,GShenFSU1.7,467,7,23719
A467w7.00_GShenFSU2.1,GShenFSU2.1,467,7,23719
A467w7.00_GShenNL3,GShenNL3,467,7,26810
A467w7.00_HSDD2,HSDD2,467,7,17131
A467w7.00_HSFSG,HSFSG,467,7,17127
A467w7.00_HSIUF,HSIUF,467,7,17126
A467w7.00_HSNL3,HSNL3,467,7,17125
A467w7.00_HSTM1,HSTM1,467,7,17124
A467w7.00_HSTMA,HSTMA,467,7,17128
A467w7.00_HShen,HShen,467,7,14499
A467w7.00_HShenH,HShenH,467,7,14485
A467w7.00_LS180,LS180,467,7,18529
A467w7.00_LS220,LS220,467,7,18388
A467w7.00_LS375,LS375,467,7,18211
A467w7.00_SFHo,SFHo,467,7,17125
A467w7.00_SFHx,SFHx,467,7,17120
A467w7.50_BHBL,BHBL,467,7,17526
A467w7.50_BHBLP,BHBLP,467,7,17526
A467w7.50_GShenFSU1.7,GShenFSU1.7,467,7,24940
A467w7.50_GShenFSU2.1,GShenFSU2.1,467,7,24940
A467w7.50_GShenNL3,GShenNL3,467,7,28654
A467w7.50_HSDD2,HSDD2,467,7,17540
A467w7.50_HSFSG,HSFSG,467,7,17537
A467w7.50_HSIUF,HSIUF,467,7,17539
A467w7.50_HSNL3,HSNL3,467,7,17539
A467w7.50_HSTM1,HSTM1,467,7,17539
A467w7.50_HSTMA,HSTMA,467,7,17540
A467w7.50_HShen,HShen,467,7,14728
A467w7.50_HShenH,HShenH,467,7,14720
A467w7.50_LS180,LS180,467,7,19151
A467w7.50_LS220,LS220,467,7,19014
A467w7.50_LS375,LS375,467,7,18818
A467w7.50_SFHo,SFHo,467,7,17539
A467w7.50_SFHx,SFHx,467,7,17534
A467w8.00_BHBL,BHBL,467,8,17996
A467w8.00_BHBLP,BHBLP,467,8,17997
A467w8.00_GShenFSU1.7,GShenFSU1.7,467,8,26461
A467w8.00_GShenFSU2.1,GShenFSU2.1,467,8,26377
A467w8.00_GShenNL3,GShenNL3,467,8,30903
A467w8.00_HSDD2,HSDD2,467,8,18010
A467w8.00_HSFSG,HSFSG,467,8,18017
A467w8.00_HSIUF,HSIUF,467,8,18011
A467w8.00_HSNL3,HSNL3,467,8,18013
A467w8.00_HSTM1,HSTM1,467,8,18007
A467w8.00_HSTMA,HSTMA,467,8,18016
A467w8.00_HShen,HShen,467,8,14988
A467w8.00_HShenH,HShenH,467,8,14979
A467w8.00_LS180,LS180,467,8,19896
A467w8.00_LS220,LS220,467,8,19762
A467w8.00_LS375,LS375,467,8,19556
A467w8.00_SFHo,SFHo,467,8,18012
A467w8.00_SFHx,SFHx,467,8,18002
A467w8.50_BHBL,BHBL,467,8,18550
A467w8.50_BHBLP,BHBLP,467,8,18549
A467w8.50_GShenFSU1.7,GShenFSU1.7,467,8,28382
A467w8.50_GShenFSU2.1,GShenFSU2.1,467,8,28357
A467w8.50_GShenNL3,GShenNL3,467,8,33906
A467w8.50_HSDD2,HSDD2,467,8,18565
A467w8.50_HSFSG,HSFSG,467,8,18568
A467w8.50_HSIUF,HSIUF,467,8,18563
A467w8.50_HSNL3,HSNL3,467,8,18563
A467w8.50_HSTM1,HSTM1,467,8,18559
A467w8.50_HSTMA,HSTMA,467,8,18552
A467w8.50_HShen,HShen,467,8,15286
A467w8.50_HShenH,HShenH,467,8,15267
A467w8.50_LS180,LS180,467,8,20799
A467w8.50_LS220,LS220,467,8,20686
A467w8.50_LS375,LS375,467,8,20460
A467w8.50_SFHo,SFHo,467,8,18559
A467w8.50_SFHx,SFHx,467,8,18560
A467w9.00_BHBL,BHBL,467,9,19188
A467w9.00_BHBLP,BHBLP,467,9,19193
A467w9.00_GShenFSU1.7,GShenFSU1.7,467,9,30786
A467w9.00_GShenFSU2.1,GShenFSU2.1,467,9,30787
A467w9.00_GShenNL3,GShenNL3,467,9,37125
A467w9.00_HSDD2,HSDD2,467,9,19213
A467w9.00_HSFSG,HSFSG,467,9,19212
A467w9.00_HSIUF,HSIUF,467,9,19210
A467w9.00_HSNL3,HSNL3,467,9,19205
A467w9.00_HSTM1,HSTM1,467,9,19209
A467w9.00_HSTMA,HSTMA,467,9,19084
A467w9.00_HShen,HShen,467,9,15615
A467w9.00_HShenH,HShenH,467,9,15596
A467w9.00_LS180,LS180,467,9,21927
A467w9.00_LS220,LS220,467,9,21829
A467w9.00_LS375,LS375,467,9,21594
A467w9.00_SFHo,SFHo,467,9,19211
A467w9.00_SFHx,SFHx,467,9,19199
A467w9.50_BHBL,BHBL,467,9,19948
A467w9.50_BHBLP,BHBLP,467,9,19949
A467w9.50_GShenFSU1.7,GShenFSU1.7,467,9,33775
A467w9.50_GShenFSU2.1,GShenFSU2.1,467,9,33771
A467w9.50_GShenNL3,GShenNL3,467,9,43616
A467w9.50_HSDD2,HSDD2,467,9,19975
A467w9.50_HSFSG,HSFSG,467,9,19971
A467w9.50_HSIUF,HSIUF,467,9,19970
A467w9.50_HSNL3,HSNL3,467,9,19968
A467w9.50_HSTM1,HSTM1,467,9,19912
A467w9.50_HSTMA,HSTMA,467,9,19976
A467w9.50_HShen,HShen,467,9,15987
A467w9.50_HShenH,HShenH,467,9,15975
A467w9.50_LS180,LS180,467,9,23343
A467w9.50_LS220,LS220,467,9,23292
A467w9.50_LS375,LS375,467,9,23031
A467w9.50_SFHo,SFHo,467,9,19973
A467w9.50_SFHx,SFHx,467,9,19967
A634w0.00_BHBL,BHBL,634,0,14950
A634w0.00_BHBLP,BHBLP,634,0,14948
A634w0.00_GShenFSU1.7,GShenFSU1.7,634,0,18455
A634w0.00_GShenFSU2.1,GShenFSU2.1,634,0,18459
A634w0.00_GShenNL3,GShenNL3,634,0,19624
A634w0.00_HSDD2,HSDD2,634,0,14954
A634w0.00_HSFSG,HSFSG,634,0,14912
A634w0.00_HSIUF,HSIUF,634,0,14762
A634w0.00_HSNL3,HSNL3,634,0,14954
A634w0.00_HSTM1,HSTM1,634,0,14787
A634w0.00_HSTMA,HSTMA,634,0,14958
A634w0.00_HShen,HShen,634,0,13175
A634w0.00_HShenH,HShenH,634,0,13156
A634w0.00_LS180,LS180,634,0,15538
A634w0.00_LS220,LS220,634,0,15441
A634w0.00_LS375,LS375,634,0,15317
A634w0.00_SFHo,SFHo,634,0,14951
A634w0.00_SFHo_ecapture_0.1,SFHo_ecapture_0.1,634,0,15383
A634w0.00_SFHo_ecapture_1.0,SFHo_ecapture_1.0,634,0,15109
A634w0.00_SFHo_ecapture_10.0,SFHo_ecapture_10.0,634,0,14334
A634w0.00_SFHx,SFHx,634,0,14949
A634w0.50_BHBL,BHBL,634,0,14964
A634w0.50_BHBLP,BHBLP,634,0,14964
A634w0.50_GShenFSU1.7,GShenFSU1.7,634,0,18486
A634w0.50_GShenFSU2.1,GShenFSU2.1,634,0,18489
A634w0.50_GShenNL3,GShenNL3,634,0,19662
A634w0.50_HSDD2,HSDD2,634,0,14969
A634w0.50_HSFSG,HSFSG,634,0,14912
A634w0.50_HSIUF,HSIUF,634,0,14749
A634w0.50_HSNL3,HSNL3,634,0,14965
A634w0.50_HSTM1,HSTM1,634,0,14749
A634w0.50_HSTMA,HSTMA,634,0,14969
A634w0.50_HShen,HShen,634,0,13184
A634w0.50_HShenH,HShenH,634,0,13177
A634w0.50_LS180,LS180,634,0,15553
A634w0.50_LS220,LS220,634,0,15458
A634w0.50_LS375,LS375,634,0,15333
A634w0.50_SFHo,SFHo,634,0,14967
A634w0.50_SFHo_ecapture_0.1,SFHo_ecapture_0.1,634,0,15398
A634w0.50_SFHo_ecapture_1.0,SFHo_ecapture_1.0,634,0,15122
A634w0.50_SFHo_ecapture_10.0,SFHo_ecapture_10.0,634,0,14349
A634w0.50_SFHx,SFHx,634,0,14960
A634w1.00_BHBL,BHBL,634,1,15003
A634w1.00_BHBLP,BHBLP,634,1,15005
A634w1.00_GShenFSU1.7,GShenFSU1.7,634,1,18571
A634w1.00_GShenFSU2.1,GShenFSU2.1,634,1,18572
A634w1.00_GShenNL3,GShenNL3,634,1,19769
A634w1.00_HSDD2,HSDD2,634,1,15009
A634w1.00_HSFSG,HSFSG,634,1,14943
A634w1.00_HSIUF,HSIUF,634,1,14794
A634w1.00_HSNL3,HSNL3,634,1,15006
A634w1.00_HSTM1,HSTM1,634,1,14836
A634w1.00_HSTMA,HSTMA,634,1,15010
A634w1.00_HShen,HShen,634,1,13211
A634w1.00_HShenH,HShenH,634,1,13202
A634w1.00_LS180,LS180,634,1,15606
A634w1.00_LS220,LS220,634,1,15510
A634w1.00_LS375,LS375,634,1,15383
A634w1.00_SFHo,SFHo,634,1,15010
A634w1.00_SFHo_ecapture_0.1,SFHo_ecapture_0.1,634,1,15444
A634w1.00_SFHo_ecapture_1.0,SFHo_ecapture_1.0,634,1,15166
A634w1.00_SFHo_ecapture_10.0,SFHo_ecapture_10.0,634,1,14380
A634w1.00_SFHx,SFHx,634,1,15003
A634w1.50_BHBL,BHBL,634,1,15071
A634w1.50_BHBLP,BHBLP,634,1,15076
A634w1.50_GShenFSU1.7,GShenFSU1.7,634,1,18725
A634w1.50_GShenFSU2.1,GShenFSU2.1,634,1,18721
A634w1.50_GShenNL3,GShenNL3,634,1,19960
A634w1.50_HSDD2,HSDD2,634,1,15081
A634w1.50_HSFSG,HSFSG,634,1,15032
A634w1.50_HSIUF,HSIUF,634,1,14879
A634w1.50_HSNL3,HSNL3,634,1,15078
A634w1.50_HSTM1,HSTM1,634,1,14900
A634w1.50_HSTMA,HSTMA,634,1,15080
A634w1.50_HShen,HShen,634,1,13257
A634w1.50_HShenH,HShenH,634,1,13246
A634w1.50_LS180,LS180,634,1,15698
A634w1.50_LS220,LS220,634,1,15599
A634w1.50_LS375,LS375,634,1,15472
A634w1.50_SFHo,SFHo,634,1,15079
A634w1.50_SFHo_ecapture_0.1,SFHo_ecapture_0.1,634,1,15521
A634w1.50_SFHo_ecapture_1.0,SFHo_ecapture_1.0,634,1,15243
A634w1.50_SFHo_ecapture_10.0,SFHo_ecapture_10.0,634,1,14448
A634w1.50_SFHx,SFHx,634,1,15075
A634w2.00_BHBL,BHBL,634,2,15175
A634w2.00_BHBLP,BHBLP,634,2,15174
A634w2.00_GShenFSU1.7,GShenFSU1.7,634,2,18939
A634w2.00_GShenFSU2.1,GShenFSU2.1,634,2,18937
A634w2.00_GShenNL3,GShenNL3,634,2,20229
A634w2.00_HSDD2,HSDD2,634,2,15180
A634w2.00_HSFSG,HSFSG,634,2,15161
A634w2.00_HSIUF,HSIUF,634,2,15051
A634w2.00_HSNL3,HSNL3,634,2,15179
A634w2.00_HSTM1,HSTM1,634,2,14961
A634w2.00_HSTMA,HSTMA,634,2,14977
A634w2.00_HShen,HShen,634,2,13319
A634w2.00_HShenH,HShenH,634,2,13311
A634w2.00_LS180,LS180,634,2,15827
A634w2.00_LS220,LS220,634,2,15729
A634w2.00_LS375,LS375,634,2,15597
A634w2.00_SFHo,SFHo,634,2,15177
A634w2.00_SFHo_ecapture_0.1,SFHo_ecapture_0.1,634,2,15629
A634w2.00_SFHo_ecapture_1.0,SFHo_ecapture_1.0,634,2,15343
A634w2.00_SFHo_ecapture_10.0,SFHo_ecapture_10.0,634,2,14541
A634w2.00_SFHx,SFHx,634,2,15176
A634w2.50_BHBL,BHBL,634,2,15307
A634w2.50_BHBLP,BHBLP,634,2,15308
A634w2.50_GShenFSU1.7,GShenFSU1.7,634,2,19224
A634w2.50_GShenFSU2.1,GShenFSU2.1,634,2,19228
A634w2.50_GShenNL3,GShenNL3,634,2,20598
A634w2.50_HSDD2,HSDD2,634,2,15314
A634w2.50_HSFSG,HSFSG,634,2,15317
A634w2.50_HSIUF,HSIUF,634,2,15174
A634w2.50_HSNL3,HSNL3,634,2,15315
A634w2.50_HSTM1,HSTM1,634,2,15311
A634w2.50_HSTMA,HSTMA,634,2,15115
A634w2.50_HShen,HShen,634,2,13400
A634w2.50_HShenH,HShenH,634,2,13393
A634w2.50_LS180,LS180,634,2,16002
A634w2.50_LS220,LS220,634,2,15896
A634w2.50_LS375,LS375,634,2,15758
A634w2.50_SFHo,SFHo,634,2,15311
A634w2.50_SFHo_ecapture_0.1,SFHo_ecapture_0.1,634,2,15773
A634w2.50_SFHo_ecapture_1.0,SFHo_ecapture_1.0,634,2,15481
A634w2.50_SFHo_ecapture_10.0,SFHo_ecapture_10.0,634,2,14663
A634w2.50_SFHx,SFHx,634,2,15309
A634w3.00_BHBL,BHBL,634,3,15476
A634w3.00_BHBLP,BHBLP,634,3,15478
A634w3.00_GShenFSU1.7,GShenFSU1.7,634,3,19598
A634w3.00_GShenFSU2.1,GShenFSU2.1,634,3,19597
A634w3.00_GShenNL3,GShenNL3,634,3,21080
A634w3.00_HSDD2,HSDD2,634,3,15484
A634w3.00_HSFSG,HSFSG,634,3,15480
A634w3.00_HSIUF,HSIUF,634,3,15291
A634w3.00_HSNL3,HSNL3,634,3,15482
A634w3.00_HSTM1,HSTM1,634,3,15236
A634w3.00_HSTMA,HSTMA,634,3,15258
A634w3.00_HShen,HShen,634,3,13509
A634w3.00_HShenH,HShenH,634,3,13496
A634w3.00_LS180,LS180,634,3,16214
A634w3.00_LS220,LS220,634,3,16109
A634w3.00_LS375,LS375,634,3,15970
A634w3.00_SFHo,SFHo,634,3,15480
A634w3.00_SFHo_ecapture_0.1,SFHo_ecapture_0.1,634,3,15948
A634w3.00_SFHo_ecapture_1.0,SFHo_ecapture_1.0,634,3,15657
A634w3.00_SFHo_ecapture_10.0,SFHo_ecapture_10.0,634,3,14810
A634w3.00_SFHx,SFHx,634,3,15471
A634w3.50_BHBL,BHBL,634,3,15684
A634w3.50_BHBLP,BHBLP,634,3,15682
A634w3.50_GShenFSU1.7,GShenFSU1.7,634,3,20050
A634w3.50_GShenFSU2.1,GShenFSU2.1,634,3,20073
A634w3.50_GShenNL3,GShenNL3,634,3,21705
A634w3.50_HSDD2,HSDD2,634,3,15689
A634w3.50_HSFSG,HSFSG,634,3,15686
A634w3.50_HSIUF,HSIUF,634,3,15514
A634w3.50_HSNL3,HSNL3,634,3,15687
A634w3.50_HSTM1,HSTM1,634,3,15476
A634w3.50_HSTMA,HSTMA,634,3,15458
A634w3.50_HShen,HShen,634,3,13636
A634w3.50_HShenH,HShenH,634,3,13623
A634w3.50_LS180,LS180,634,3,16487
A634w3.50_LS220,LS220,634,3,16371
A634w3.50_LS375,LS375,634,3,16228
A634w3.50_SFHo,SFHo,634,3,15688
A634w3.50_SFHo_ecapture_0.1,SFHo_ecapture_0.1,634,3,16171
A634w3.50_SFHo_ecapture_1.0,SFHo_ecapture_1.0,634,3,15868
A634w3.50_SFHo_ecapture_10.0,SFHo_ecapture_10.0,634,3,15001
A634w3.50_SFHx,SFHx,634,3,15679
A634w4.00_BHBL,BHBL,634,4,15930
A634w4.00_BHBLP,BHBLP,634,4,15933
A634w4.00_GShenFSU1.7,GShenFSU1.7,634,4,20533
A634w4.00_GShenFSU2.1,GShenFSU2.1,634,4,20672
A634w4.00_GShenNL3,GShenNL3,634,4,22501
A634w4.00_HSDD2,HSDD2,634,4,15937
A634w4.00_HSFSG,HSFSG,634,4,15940
A634w4.00_HSIUF,HSIUF,634,4,15736
A634w4.00_HSNL3,HSNL3,634,4,15937
A634w4.00_HSTM1,HSTM1,634,4,15935
A634w4.00_HSTMA,HSTMA,634,4,15721
A634w4.00_HShen,HShen,634,4,13784
A634w4.00_HShenH,HShenH,634,4,13774
A634w4.00_LS180,LS180,634,4,16820
A634w4.00_LS220,LS220,634,4,16699
A634w4.00_LS375,LS375,634,4,16549
A634w4.00_SFHo,SFHo,634,4,15938
A634w4.00_SFHo_ecapture_0.1,SFHo_ecapture_0.1,634,4,16442
A634w4.00_SFHo_ecapture_1.0,SFHo_ecapture_1.0,634,4,16121
A634w4.00_SFHo_ecapture_10.0,SFHo_ecapture_10.0,634,4,15225
A634w4.00_SFHx,SFHx,634,4,15930
A634w4.50_BHBL,BHBL,634,4,16231
A634w4.50_BHBLP,BHBLP,634,4,16232
A634w4.50_GShenFSU1.7,GShenFSU1.7,634,4,21205
A634w4.50_GShenFSU2.1,GShenFSU2.1,634,4,21415
A634w4.50_GShenNL3,GShenNL3,634,4,23378
A634w4.50_HSDD2,HSDD2,634,4,16239
A634w4.50_HSFSG,HSFSG,634,4,16207
A634w4.50_HSIUF,HSIUF,634,4,16043
A634w4.50_HSNL3,HSNL3,634,4,16233
A634w4.50_HSTM1,HSTM1,634,4,15996
A634w4.50_HSTMA,HSTMA,634,4,16240
A634w4.50_HShen,HShen,634,4,13960
A634w4.50_HShenH,HShenH,634,4,13949
A634w4.50_LS180,LS180,634,4,17225
A634w4.50_LS220,LS220,634,4,17099
A634w4.50_LS375,LS375,634,4,16942
A634w4.50_SFHo,SFHo,634,4,16233
A634w4.50_SFHo_ecapture_0.1,SFHo_ecapture_0.1,634,4,16767
A634w4.50_SFHo_ecapture_1.0,SFHo_ecapture_1.0,634,4,16429
A634w4.50_SFHo_ecapture_10.0,SFHo_ecapture_10.0,634,4,15496
A634w4.50_SFHx,SFHx,634,4,16229
A634w5.00_BHBL,BHBL,634,5,16588
A634w5.00_BHBLP,BHBLP,634,5,16588
A634w5.00_GShenFSU1.7,GShenFSU1.7,634,5,22361
A634w5.00_GShenFSU2.1,GShenFSU2.1,634,5,22364
A634w5.00_GShenNL3,GShenNL3,634,5,24891
A634w5.00_HSDD2,HSDD2,634,5,16594
A634w5.00_HSFSG,HSFSG,634,5,16507
A634w5.00_HSIUF,HSIUF,634,5,16403
A634w5.00_HSNL3,HSNL3,634,5,16591
A634w5.00_HSTM1,HSTM1,634,5,16594
A634w5.00_HSTMA,HSTMA,634,5,16599
A634w5.00_HShen,HShen,634,5,14172
A634w5.00_HShenH,HShenH,634,5,14158
A634w5.00_LS180,LS180,634,5,17726
A634w5.00_LS220,LS220,634,5,17595
A634w5.00_LS375,LS375,634,5,17422
A634w5.00_SFHo,SFHo,634,5,16596
A634w5.00_SFHo_ecapture_0.1,SFHo_ecapture_0.1,634,5,17149
A634w5.00_SFHo_ecapture_1.0,SFHo_ecapture_1.0,634,5,16801
A634w5.00_SFHo_ecapture_10.0,SFHo_ecapture_10.0,634,5,15813
A634w5.00_SFHx,SFHx,634,5,16592
A634w5.50_BHBL,BHBL,634,5,17011
A634w5.50_BHBLP,BHBLP,634,5,17011
A634w5.50_GShenFSU1.7,GShenFSU1.7,634,5,23588
A634w5.50_GShenFSU2.1,GShenFSU2.1,634,5,23586
A634w5.50_GShenNL3,GShenNL3,634,5,26616
A634w5.50_HSDD2,HSDD2,634,5,17022
A634w5.50_HSFSG,HSFSG,634,5,16895
A634w5.50_HSIUF,HSIUF,634,5,17023
A634w5.50_HSNL3,HSNL3,634,5,17020
A634w5.50_HSTM1,HSTM1,634,5,17017
A634w5.50_HSTMA,HSTMA,634,5,17024
A634w5.50_HShen,HShen,634,5,14415
A634w5.50_HShenH,HShenH,634,5,14401
A634w5.50_LS180,LS180,634,5,18343
A634w5.50_LS220,LS220,634,5,18198
A634w5.50_LS375,LS375,634,5,18016
A634w5.50_SFHo,SFHo,634,5,17022
A634w5.50_SFHo_ecapture_0.1,SFHo_ecapture_0.1,634,5,17612
A634w5.50_SFHo_ecapture_1.0,SFHo_ecapture_1.0,634,5,17243
A634w5.50_SFHo_ecapture_10.0,SFHo_ecapture_10.0,634,5,16197
A634w5.50_SFHx,SFHx,634,5,17018
A634w6.00_BHBL,BHBL,634,6,17521
A634w6.00_BHBLP,BHBLP,634,6,17522
A634w6.00_GShenFSU1.7,GShenFSU1.7,634,6,25193
A634w6.00_GShenFSU2.1,GShenFSU2.1,634,6,25199
A634w6.00_GShenNL3,GShenNL3,634,6,29196
A634w6.00_HSDD2,HSDD2,634,6,17531
A634w6.00_HSFSG,HSFSG,634,6,17404
A634w6.00_HSIUF,HSIUF,634,6,17533
A634w6.00_HSNL3,HSNL3,634,6,17532
A634w6.00_HSTM1,HSTM1,634,6,17530
A634w6.00_HSTMA,HSTMA,634,6,17540
A634w6.00_HShen,HShen,634,6,14694
A634w6.00_HShenH,HShenH,634,6,14678
A634w6.00_LS180,LS180,634,6,19120
A634w6.00_LS220,LS220,634,6,18961
A634w6.00_LS375,LS375,634,6,18756
A634w6.00_SFHo,SFHo,634,6,17534
A634w6.00_SFHo_ecapture_0.1,SFHo_ecapture_0.1,634,6,18171
A634w6.00_SFHo_ecapture_1.0,SFHo_ecapture_1.0,634,6,17776
A634w6.00_SFHo_ecapture_10.0,SFHo_ecapture_10.0,634,6,16654
A634w6.00_SFHx,SFHx,634,6,17525
A634w6.50_BHBL,BHBL,634,6,18135
A634w6.50_BHBLP,BHBLP,634,6,18136
A634w6.50_GShenFSU1.7,GShenFSU1.7,634,6,27381
A634w6.50_GShenFSU2.1,GShenFSU2.1,634,6,27377
A634w6.50_GShenNL3,GShenNL3,634,6,32622
A634w6.50_HSDD2,HSDD2,634,6,18155
A634w6.50_HSFSG,HSFSG,634,6,17946
A634w6.50_HSIUF,HSIUF,634,6,18157
A634w6.50_HSNL3,HSNL3,634,6,18151
A634w6.50_HSTM1,HSTM1,634,6,18149
A634w6.50_HSTMA,HSTMA,634,6,18155
A634w6.50_HShen,HShen,634,6,15021
A634w6.50_HShenH,HShenH,634,6,15004
A634w6.50_LS180,LS180,634,6,20098
A634w6.50_LS220,LS220,634,6,19937
A634w6.50_LS375,LS375,634,6,19705
A634w6.50_SFHo,SFHo,634,6,18150
A634w6.50_SFHo_ecapture_0.1,SFHo_ecapture_0.1,634,6,18848
A634w6.50_SFHo_ecapture_1.0,SFHo_ecapture_1.0,634,6,18413
A634w6.50_SFHo_ecapture_10.0,SFHo_ecapture_10.0,634,6,17204
A634w6.50_SFHx,SFHx,634,6,18147
A634w7.00_BHBL,BHBL,634,7,18887
A634w7.00_BHBLP,BHBLP,634,7,18893
A634w7.00_GShenFSU1.7,GShenFSU1.7,634,7,30391
A634w7.00_GShenFSU2.1,GShenFSU2.1,634,7,30332
A634w7.00_GShenNL3,GShenNL3,634,7,36817
A634w7.00_HSDD2,HSDD2,634,7,18907
A634w7.00_HSFSG,HSFSG,634,7,18910
A634w7.00_HSIUF,HSIUF,634,7,18909
A634w7.00_HSNL3,HSNL3,634,7,18909
A634w7.00_HSTM1,HSTM1,634,7,18904
A634w7.00_HSTMA,HSTMA,634,7,18913
A634w7.00_HShen,HShen,634,7,15399
A634w7.00_HShenH,HShenH,634,7,15383
A634w7.00_LS180,LS180,634,7,21382
A634w7.00_LS220,LS220,634,7,21232
A634w7.00_LS375,LS375,634,7,20960
A634w7.00_SFHo,SFHo,634,7,18907
A634w7.00_SFHo_ecapture_0.1,SFHo_ecapture_0.1,634,7,19672
A634w7.00_SFHo_ecapture_1.0,SFHo_ecapture_1.0,634,7,19198
A634w7.00_SFHo_ecapture_10.0,SFHo_ecapture_10.0,634,7,17873
A634w7.00_SFHx,SFHx,634,7,18900
A634w7.50_BHBL,BHBL,634,7,19828
A634w7.50_BHBLP,BHBLP,634,7,19824
A634w7.50_GShenFSU1.7,GShenFSU1.7,634,7,34399
A634w7.50_GShenFSU2.1,GShenFSU2.1,634,7,34400
A634w7.50_GShenNL3,GShenNL3,634,7,45866
A634w7.50_HSDD2,HSDD2,634,7,19847
A634w7.50_HSFSG,HSFSG,634,7,19852
A634w7.50_HSIUF,HSIUF,634,7,19849
A634w7.50_HSNL3,HSNL3,634,7,19845
A634w7.50_HSTM1,HSTM1,634,7,19844
A634w7.50_HSTMA,HSTMA,634,7,19854
A634w7.50_HShen,HShen,634,7,15842
A634w7.50_HShenH,HShenH,634,7,15827
A634w7.50_LS180,LS180,634,7,23119
A634w7.50_LS220,LS220,634,7,23009
A634w7.50_LS375,LS375,634,7,22696
A634w7.50_SFHo,SFHo,634,7,19848
A634w7.50_SFHo_ecapture_0.1,SFHo_ecapture_0.1,634,7,20710
A634w7.50_SFHo_ecapture_1.0,SFHo_ecapture_1.0,634,7,20176
A634w7.50_SFHo_ecapture_10.0,SFHo_ecapture_10.0,634,7,18703
A634w7.50_SFHx,SFHx,634,7,19840
A634w8.00_BHBL,BHBL,634,8,21015
A634w8.00_BHBLP,BHBLP,634,8,21012
A634w8.00_GShenFSU1.7,GShenFSU1.7,634,8,40909
A634w8.00_GShenFSU2.1,GShenFSU2.1,634,8,40904
A634w8.00_GShenNL3,GShenNL3,634,8,69215
A634w8.00_HSDD2,HSDD2,634,8,21041
A634w8.00_HSFSG,HSFSG,634,8,21044
A634w8.00_HSIUF,HSIUF,634,8,21040
A634w8.00_HSNL3,HSNL3,634,8,21039
A634w8.00_HSTM1,HSTM1,634,8,21035
A634w8.00_HSTMA,HSTMA,634,8,21044
A634w8.00_HShen,HShen,634,8,16166
A634w8.00_HShenH,HShenH,634,8,16354
A634w8.00_LS180,LS180,634,8,25560
A634w8.00_LS220,LS220,634,8,25607
A634w8.00_LS375,LS375,634,8,25208
A634w8.00_SFHo,SFHo,634,8,21035
A634w8.00_SFHo_ecapture_0.1,SFHo_ecapture_0.1,634,8,22026
A634w8.00_SFHo_ecapture_1.0,SFHo_ecapture_1.0,634,8,21425
A634w8.00_SFHo_ecapture_10.0,SFHo_ecapture_10.0,634,8,19750
A634w8.00_SFHx,SFHx,634,8,21031
A634w8.50_BHBL,BHBL,634,8,22572
A634w8.50_BHBLP,BHBLP,634,8,22571
A634w8.50_GShenFSU1.7,GShenFSU1.7,634,8,67493
A634w8.50_GShenFSU2.1,GShenFSU2.1,634,8,67883
A634w8.50_GShenNL3,GShenNL3,634,8,72494
A634w8.50_HSDD2,HSDD2,634,8,22607
A634w8.50_HSFSG,HSFSG,634,8,22605
A634w8.50_HSIUF,HSIUF,634,8,22608
A634w8.50_HSNL3,HSNL3,634,8,22600
A634w8.50_HSTM1,HSTM1,634,8,22599
A634w8.50_HSTMA,HSTMA,634,8,22612
A634w8.50_HShen,HShen,634,8,17007
A634w8.50_HShenH,HShenH,634,8,16987
A634w8.50_LS180,LS180,634,8,28940
A634w8.50_LS220,LS220,634,8,29483
A634w8.50_LS375,LS375,634,8,29101
A634w8.50_SFHo,SFHo,634,8,22598
A634w8.50_SFHo_ecapture_0.1,SFHo_ecapture_0.1,634,8,23579
A634w8.50_SFHo_ecapture_1.0,SFHo_ecapture_1.0,634,8,23010
A634w8.50_SFHo_ecapture_10.0,SFHo_ecapture_10.0,634,8,21123
A634w8.50_SFHx,SFHx,634,8,22590
A634w9.00_BHBL,BHBL,634,9,24596
A634w9.00_BHBLP,BHBLP,634,9,24588
A634w9.00_GShenFSU1.7,GShenFSU1.7,634,9,74536
A634w9.00_GShenFSU2.1,GShenFSU2.1,634,9,73231
A634w9.00_GShenNL3,GShenNL3,634,9,74442
A634w9.00_HSDD2,HSDD2,634,9,24733
A634w9.00_HSFSG,HSFSG,634,9,24730
A634w9.00_HSIUF,HSIUF,634,9,24735
A634w9.00_HSNL3,HSNL3,634,9,24726
A634w9.00_HSTM1,HSTM1,634,9,24725
A634w9.00_HSTMA,HSTMA,634,9,24737
A634w9.00_HShen,HShen,634,9,17780
A634w9.00_HShenH,HShenH,634,9,17756
A634w9.00_LS180,LS180,634,9,33721
A634w9.00_LS220,LS220,634,9,34971
A634w9.00_LS375,LS375,634,9,34462
A634w9.00_SFHo,SFHo,634,9,24733
A634w9.00_SFHo_ecapture_0.1,SFHo_ecapture_0.1,634,9,26112
A634w9.00_SFHo_ecapture_1.0,SFHo_ecapture_1.0,634,9,25274
A634w9.00_SFHo_ecapture_10.0,SFHo_ecapture_10.0,634,9,22984
A634w9.00_SFHx,SFHx,634,9,24717
A634w9.50_BHBL,BHBL,634,9,27724
A634w9.50_BHBLP,BHBLP,634,9,27716
A634w9.50_GShenFSU1.7,GShenFSU1.7,634,9,66162
A634w9.50_GShenFSU2.1,GShenFSU2.1,634,9,65917
A634w9.50_GShenNL3,GShenNL3,634,9,66082
A634w9.50_HSDD2,HSDD2,634,9,27794
A634w9.50_HSFSG,HSFSG,634,9,27793
A634w9.50_HSIUF,HSIUF,634,9,27793
A634w9.50_HSNL3,HSNL3,634,9,27787
A634w9.50_HSTM1,HSTM1,634,9,27782
A634w9.50_HSTMA,HSTMA,634,9,27800
A634w9.50_HShen,HShen,634,9,18749
A634w9.50_HShenH,HShenH,634,9,18652
A634w9.50_LS180,LS180,634,9,73044
A634w9.50_LS220,LS220,634,9,73347
A634w9.50_LS375,LS375,634,9,73064
A634w9.50_SFHo,SFHo,634,9,27788
A634w9.50_SFHo_ecapture_0.1,SFHo_ecapture_0.1,634,9,29495
A634w9.50_SFHo_ecapture_1.0,SFHo_ecapture_1.0,634,9,28468
A634w9.50_SFHo_ecapture_10.0,SFHo_ecapture_10.0,634,9,25537
A634w9.50_SFHx,SFHx,634,9,27776
